Date,City,CO,CO2,NO2,SO2,O3,PM2.5,PM10,AQI
2024-01-01 00:00:00+00:00,Brasilia,323.0,,23.8,2.8,42.0,12.0,17.1,16.8
2024-01-01 01:00:00+00:00,Brasilia,318.0,,21.9,2.7,40.0,12.5,17.9,16.0
2024-01-01 02:00:00+00:00,Brasilia,309.0,,19.2,2.6,39.0,12.1,17.3,15.599999
2024-01-01 03:00:00+00:00,Brasilia,295.0,,16.3,2.4,38.0,11.4,16.2,15.2
2024-01-01 04:00:00+00:00,Brasilia,270.0,,13.0,2.1,40.0,10.2,14.6,16.0
2024-01-01 05:00:00+00:00,Brasilia,239.0,,9.4,1.9,44.0,8.7,12.4,17.6
2024-01-01 06:00:00+00:00,Brasilia,215.0,,6.8,1.7,47.0,7.5,10.7,18.8
2024-01-01 07:00:00+00:00,Brasilia,205.0,,6.0,1.8,46.0,6.1,8.7,18.4
2024-01-01 08:00:00+00:00,Brasilia,201.0,,6.1,2.1,45.0,5.7,8.2,18.0
2024-01-01 09:00:00+00:00,Brasilia,199.0,,5.9,2.2,46.0,5.7,8.2,18.4
2024-01-01 10:00:00+00:00,Brasilia,196.0,,4.8,2.0,54.0,6.6,9.4,21.6
2024-01-01 11:00:00+00:00,Brasilia,194.0,,3.4,1.6,65.0,7.2,10.2,26.0
2024-01-01 12:00:00+00:00,Brasilia,183.0,,3.7,1.8,72.0,4.6,6.6,28.800001
2024-01-01 13:00:00+00:00,Brasilia,180.0,,2.9,1.5,75.0,4.7,6.7,30.0
2024-01-01 14:00:00+00:00,Brasilia,176.0,,1.8,1.0,80.0,4.6,6.6,32.0
2024-01-01 15:00:00+00:00,Brasilia,173.0,,1.0,0.7,82.0,4.2,6.0,32.8
2024-01-01 16:00:00+00:00,Brasilia,170.0,,0.8,0.5,80.0,4.9,7.0,32.0
2024-01-01 17:00:00+00:00,Brasilia,168.0,,0.8,0.4,76.0,4.1,6.0,30.4
2024-01-01 18:00:00+00:00,Brasilia,168.0,,1.2,0.4,72.0,4.6,6.6,28.800001
2024-01-01 19:00:00+00:00,Brasilia,170.0,,1.5,0.4,69.0,5.0,7.2,27.6
2024-01-01 20:00:00+00:00,Brasilia,174.0,,2.1,0.4,67.0,5.4,7.8,26.800001
2024-01-01 21:00:00+00:00,Brasilia,187.0,,4.0,0.6,62.0,5.6,8.0,24.8
2024-01-01 22:00:00+00:00,Brasilia,217.0,,8.6,1.1,53.0,6.9,9.8,21.199999
2024-01-01 23:00:00+00:00,Brasilia,256.0,,14.4,1.8,42.0,8.2,11.7,16.8
2024-01-02 00:00:00+00:00,Brasilia,235.0,,13.1,2.2,41.0,8.2,11.7,16.4
2024-01-02 01:00:00+00:00,Brasilia,229.0,,12.1,2.3,42.0,7.7,11.0,16.8
2024-01-02 02:00:00+00:00,Brasilia,219.0,,10.7,2.3,44.0,7.7,11.1,17.6
2024-01-02 03:00:00+00:00,Brasilia,210.0,,9.1,2.3,46.0,7.3,10.5,18.4
2024-01-02 04:00:00+00:00,Brasilia,200.0,,7.4,2.1,47.0,6.9,9.9,18.8
2024-01-02 05:00:00+00:00,Brasilia,190.0,,5.5,1.8,48.0,6.3,9.0,19.199999
2024-01-02 06:00:00+00:00,Brasilia,182.0,,4.1,1.5,48.0,6.2,8.8,19.199999
2024-01-02 07:00:00+00:00,Brasilia,178.0,,3.4,1.4,48.0,5.3,7.5,19.199999
2024-01-02 08:00:00+00:00,Brasilia,176.0,,3.1,1.3,48.0,4.0,5.7,19.199999
2024-01-02 09:00:00+00:00,Brasilia,177.0,,3.0,1.2,48.0,3.3,4.7,19.199999
2024-01-02 10:00:00+00:00,Brasilia,181.0,,3.1,1.2,50.0,3.2,4.6,20.0
2024-01-02 11:00:00+00:00,Brasilia,188.0,,3.3,1.2,52.0,3.3,4.7,20.8
2024-01-02 12:00:00+00:00,Brasilia,179.0,,4.5,1.2,49.0,3.9,5.5,19.6
2024-01-02 13:00:00+00:00,Brasilia,178.0,,3.6,1.1,55.0,3.4,4.9,22.0
2024-01-02 14:00:00+00:00,Brasilia,178.0,,2.3,1.0,64.0,3.0,4.2,25.599998
2024-01-02 15:00:00+00:00,Brasilia,177.0,,1.3,0.9,69.0,2.7,3.8,27.6
2024-01-02 16:00:00+00:00,Brasilia,177.0,,0.9,0.8,68.0,2.3,3.3,27.2
2024-01-02 17:00:00+00:00,Brasilia,177.0,,0.8,0.6,63.0,2.0,2.9,25.2
2024-01-02 18:00:00+00:00,Brasilia,178.0,,1.0,0.5,58.0,1.9,2.8,23.199999
2024-01-02 19:00:00+00:00,Brasilia,181.0,,1.5,0.5,55.0,2.0,2.9,22.0
2024-01-02 20:00:00+00:00,Brasilia,185.0,,2.2,0.5,52.0,2.2,3.1,20.8
2024-01-02 21:00:00+00:00,Brasilia,188.0,,2.9,0.6,49.0,2.4,3.4,19.6
2024-01-02 22:00:00+00:00,Brasilia,189.0,,3.4,0.7,45.0,3.0,4.3,18.0
2024-01-02 23:00:00+00:00,Brasilia,189.0,,3.9,0.7,40.0,2.8,3.9,16.0
2024-01-03 00:00:00+00:00,Brasilia,177.0,,4.0,0.8,37.0,3.7,5.3,14.8
2024-01-03 01:00:00+00:00,Brasilia,174.0,,3.5,0.7,38.0,3.1,4.5,15.2
2024-01-03 02:00:00+00:00,Brasilia,169.0,,2.7,0.5,38.0,2.3,3.2,15.2
2024-01-03 03:00:00+00:00,Brasilia,165.0,,2.1,0.4,39.0,1.5,2.2,15.599999
2024-01-03 04:00:00+00:00,Brasilia,163.0,,1.8,0.4,39.0,1.1,1.5,15.599999
2024-01-03 05:00:00+00:00,Brasilia,163.0,,1.6,0.4,39.0,0.8,1.2,15.599999
2024-01-03 06:00:00+00:00,Brasilia,163.0,,1.5,0.5,38.0,0.7,1.0,15.2
2024-01-03 07:00:00+00:00,Brasilia,163.0,,1.6,0.6,36.0,0.6,0.9,14.400001
2024-01-03 08:00:00+00:00,Brasilia,164.0,,1.7,0.6,34.0,0.6,0.9,13.6
2024-01-03 09:00:00+00:00,Brasilia,166.0,,2.0,0.7,32.0,0.7,0.9,12.799999
2024-01-03 10:00:00+00:00,Brasilia,170.0,,2.4,0.7,31.0,1.0,1.4,12.4
2024-01-03 11:00:00+00:00,Brasilia,176.0,,3.0,0.7,30.0,1.1,1.5,12.0
2024-01-03 12:00:00+00:00,Brasilia,173.0,,2.8,0.6,34.0,0.7,1.0,13.6
2024-01-03 13:00:00+00:00,Brasilia,171.0,,2.4,0.5,33.0,0.7,1.0,13.200001
2024-01-03 14:00:00+00:00,Brasilia,168.0,,1.8,0.4,32.0,0.7,0.9,12.799999
2024-01-03 15:00:00+00:00,Brasilia,167.0,,1.4,0.4,32.0,0.7,1.1,12.799999
2024-01-03 16:00:00+00:00,Brasilia,169.0,,1.3,0.5,35.0,1.2,1.7,14.0
2024-01-03 17:00:00+00:00,Brasilia,173.0,,1.5,0.7,40.0,1.6,2.3,16.0
2024-01-03 18:00:00+00:00,Brasilia,177.0,,1.8,0.9,42.0,1.8,2.5,16.8
2024-01-03 19:00:00+00:00,Brasilia,178.0,,2.2,0.9,40.0,1.4,2.0,16.0
2024-01-03 20:00:00+00:00,Brasilia,179.0,,2.8,0.9,37.0,1.7,2.4,14.8
2024-01-03 21:00:00+00:00,Brasilia,185.0,,4.1,0.9,32.0,1.8,2.6,12.799999
2024-01-03 22:00:00+00:00,Brasilia,202.0,,7.0,1.2,26.0,2.3,3.2,10.4
2024-01-03 23:00:00+00:00,Brasilia,224.0,,10.6,1.5,18.0,2.9,4.1,7.2000003
2024-01-04 00:00:00+00:00,Brasilia,222.0,,10.1,1.4,16.0,6.5,9.3,6.3999996
2024-01-04 01:00:00+00:00,Brasilia,213.0,,8.6,1.3,17.0,6.1,8.6,6.8
2024-01-04 02:00:00+00:00,Brasilia,200.0,,6.5,1.1,18.0,5.2,7.3,7.2000003
2024-01-04 03:00:00+00:00,Brasilia,190.0,,4.8,1.0,19.0,4.5,6.4,7.6
2024-01-04 04:00:00+00:00,Brasilia,185.0,,3.9,0.9,19.0,3.7,5.3,7.6
2024-01-04 05:00:00+00:00,Brasilia,182.0,,3.4,0.9,19.0,3.2,4.6,7.6
2024-01-04 06:00:00+00:00,Brasilia,180.0,,3.0,0.8,19.0,2.9,4.1,7.6
2024-01-04 07:00:00+00:00,Brasilia,178.0,,2.8,0.7,19.0,2.7,3.9,7.6
2024-01-04 08:00:00+00:00,Brasilia,177.0,,2.7,0.5,20.0,2.6,3.7,8.0
2024-01-04 09:00:00+00:00,Brasilia,178.0,,2.8,0.5,21.0,2.3,3.3,8.4
2024-01-04 10:00:00+00:00,Brasilia,183.0,,3.1,0.6,24.0,1.5,2.2,9.599999
2024-01-04 11:00:00+00:00,Brasilia,189.0,,3.5,0.9,28.0,1.3,1.9,11.2
2024-01-04 12:00:00+00:00,Brasilia,204.0,,5.5,1.3,29.0,3.4,4.8,11.599999
2024-01-04 13:00:00+00:00,Brasilia,198.0,,4.5,1.2,29.0,2.7,3.8,11.599999
2024-01-04 14:00:00+00:00,Brasilia,188.0,,3.1,1.0,29.0,2.2,3.1,11.599999
2024-01-04 15:00:00+00:00,Brasilia,181.0,,2.1,0.8,29.0,1.4,2.1,11.599999
2024-01-04 16:00:00+00:00,Brasilia,176.0,,1.6,0.7,29.0,1.0,1.4,11.599999
2024-01-04 17:00:00+00:00,Brasilia,173.0,,1.4,0.6,30.0,1.1,1.5,12.0
2024-01-04 18:00:00+00:00,Brasilia,172.0,,1.6,0.5,30.0,1.5,2.1,12.0
2024-01-04 19:00:00+00:00,Brasilia,175.0,,2.2,0.5,29.0,1.7,2.4,11.599999
2024-01-04 20:00:00+00:00,Brasilia,181.0,,3.1,0.5,28.0,1.9,2.6,11.2
2024-01-04 21:00:00+00:00,Brasilia,186.0,,4.0,0.5,26.0,2.0,2.7,10.4
2024-01-04 22:00:00+00:00,Brasilia,190.0,,4.8,0.6,23.0,2.4,3.2,9.2
2024-01-04 23:00:00+00:00,Brasilia,194.0,,5.6,0.8,20.0,2.8,3.7,8.0
2024-01-05 00:00:00+00:00,Brasilia,201.0,,6.3,1.0,18.0,9.7,12.5,7.2000003
2024-01-05 01:00:00+00:00,Brasilia,201.0,,6.1,1.0,18.0,10.1,12.9,7.2000003
2024-01-05 02:00:00+00:00,Brasilia,201.0,,5.8,1.0,17.0,10.2,13.0,6.8
2024-01-05 03:00:00+00:00,Brasilia,199.0,,5.3,0.9,17.0,9.9,12.6,6.8
2024-01-05 04:00:00+00:00,Brasilia,194.0,,4.3,0.8,18.0,5.3,6.7,7.2000003
2024-01-05 05:00:00+00:00,Brasilia,188.0,,3.0,0.6,20.0,5.3,6.6,8.0
2024-01-05 06:00:00+00:00,Brasilia,184.0,,2.1,0.5,21.0,4.2,5.3,8.4
2024-01-05 07:00:00+00:00,Brasilia,183.0,,1.9,0.4,21.0,2.7,3.5,8.4
2024-01-05 08:00:00+00:00,Brasilia,183.0,,2.1,0.3,20.0,2.2,2.8,8.0
2024-01-05 09:00:00+00:00,Brasilia,184.0,,2.4,0.3,20.0,1.5,1.9,8.0
2024-01-05 10:00:00+00:00,Brasilia,186.0,,2.7,0.4,22.0,1.1,1.5,8.8
2024-01-05 11:00:00+00:00,Brasilia,188.0,,3.0,0.5,25.0,0.9,1.2,10.0
2024-01-05 12:00:00+00:00,Brasilia,186.0,,2.8,0.5,28.0,1.6,2.1,11.2
2024-01-05 13:00:00+00:00,Brasilia,184.0,,2.3,0.5,31.0,1.5,2.0,12.4
2024-01-05 14:00:00+00:00,Brasilia,180.0,,1.7,0.5,35.0,1.5,2.1,14.0
2024-01-05 15:00:00+00:00,Brasilia,178.0,,1.2,0.5,38.0,1.6,2.2,15.2
2024-01-05 16:00:00+00:00,Brasilia,178.0,,1.1,0.5,38.0,1.6,2.2,15.2
2024-01-05 17:00:00+00:00,Brasilia,178.0,,1.2,0.4,37.0,1.4,2.0,14.8
2024-01-05 18:00:00+00:00,Brasilia,180.0,,1.5,0.4,35.0,1.3,1.8,14.0
2024-01-05 19:00:00+00:00,Brasilia,183.0,,2.1,0.4,31.0,1.5,2.0,12.4
2024-01-05 20:00:00+00:00,Brasilia,186.0,,3.0,0.4,26.0,1.5,2.1,10.4
2024-01-05 21:00:00+00:00,Brasilia,192.0,,4.1,0.5,21.0,1.8,2.4,8.4
2024-01-05 22:00:00+00:00,Brasilia,202.0,,5.9,0.7,16.0,2.3,3.1,6.9666667
2024-01-05 23:00:00+00:00,Brasilia,214.0,,8.0,1.0,12.0,2.8,3.7,6.958334
2024-01-06 00:00:00+00:00,Brasilia,247.0,,13.0,1.6,9.0,9.7,12.8,6.9583344
2024-01-06 01:00:00+00:00,Brasilia,241.0,,12.1,1.3,9.0,9.1,11.9,6.958333
2024-01-06 02:00:00+00:00,Brasilia,233.0,,10.8,0.8,8.0,8.6,11.3,6.8749995
2024-01-06 03:00:00+00:00,Brasilia,223.0,,9.3,0.4,8.0,6.8,9.0,6.7416663
2024-01-06 04:00:00+00:00,Brasilia,210.0,,7.2,0.2,9.0,6.4,8.4,6.4833336
2024-01-06 05:00:00+00:00,Brasilia,196.0,,4.9,0.1,11.0,6.2,8.0,6.5750003
2024-01-06 06:00:00+00:00,Brasilia,186.0,,3.2,0.1,13.0,4.8,6.1,6.65
2024-01-06 07:00:00+00:00,Brasilia,183.0,,2.8,0.2,13.0,4.6,5.8,6.7
2024-01-06 08:00:00+00:00,Brasilia,184.0,,3.0,0.3,13.0,4.1,5.3,6.8583336
2024-01-06 09:00:00+00:00,Brasilia,185.0,,3.2,0.4,15.0,2.6,3.4,7.016666
2024-01-06 10:00:00+00:00,Brasilia,186.0,,3.0,0.5,20.0,2.4,3.2,8.0
2024-01-06 11:00:00+00:00,Brasilia,188.0,,2.6,0.6,26.0,3.2,4.1,10.4
2024-01-06 12:00:00+00:00,Brasilia,181.0,,2.1,0.6,33.0,4.0,5.2,13.200001
2024-01-06 13:00:00+00:00,Brasilia,178.0,,1.7,0.6,35.0,3.1,4.1,14.0
2024-01-06 14:00:00+00:00,Brasilia,174.0,,1.1,0.5,39.0,2.9,3.8,15.599999
2024-01-06 15:00:00+00:00,Brasilia,170.0,,0.7,0.5,41.0,2.7,3.6,16.4
2024-01-06 16:00:00+00:00,Brasilia,167.0,,0.8,0.5,41.0,2.8,3.7,16.4
2024-01-06 17:00:00+00:00,Brasilia,164.0,,1.1,0.4,41.0,2.5,3.3,16.4
2024-01-06 18:00:00+00:00,Brasilia,164.0,,1.5,0.4,40.0,4.1,5.6,16.0
2024-01-06 19:00:00+00:00,Brasilia,165.0,,1.6,0.4,40.0,3.2,4.4,16.0
2024-01-06 20:00:00+00:00,Brasilia,169.0,,1.8,0.5,40.0,3.2,4.3,16.0
2024-01-06 21:00:00+00:00,Brasilia,179.0,,3.2,0.7,37.0,3.1,4.3,14.8
2024-01-06 22:00:00+00:00,Brasilia,202.0,,7.1,1.1,30.0,3.5,4.8,12.0
2024-01-06 23:00:00+00:00,Brasilia,231.0,,12.2,1.6,21.0,4.2,5.8,8.866666
2024-01-07 00:00:00+00:00,Brasilia,245.0,,16.6,1.9,13.0,5.6,7.8,8.983332
2024-01-07 01:00:00+00:00,Brasilia,246.0,,16.2,1.7,14.0,6.3,8.8,8.641665
2024-01-07 02:00:00+00:00,Brasilia,247.0,,15.5,1.5,15.0,6.5,9.0,8.408332
2024-01-07 03:00:00+00:00,Brasilia,241.0,,14.2,1.2,16.0,6.2,8.7,8.233333
2024-01-07 04:00:00+00:00,Brasilia,223.0,,11.6,0.9,18.0,5.6,7.7,8.183333
2024-01-07 05:00:00+00:00,Brasilia,199.0,,8.4,0.5,22.0,4.2,5.8,8.8
2024-01-07 06:00:00+00:00,Brasilia,180.0,,5.9,0.3,24.0,3.3,4.5,9.599999
2024-01-07 07:00:00+00:00,Brasilia,170.0,,5.0,0.4,25.0,2.2,3.0,10.0
2024-01-07 08:00:00+00:00,Brasilia,165.0,,4.9,0.7,25.0,1.6,2.2,10.0
2024-01-07 09:00:00+00:00,Brasilia,163.0,,4.7,0.9,27.0,1.4,1.9,10.8
2024-01-07 10:00:00+00:00,Brasilia,166.0,,4.2,1.1,34.0,1.8,2.5,13.6
2024-01-07 11:00:00+00:00,Brasilia,171.0,,3.7,1.2,43.0,2.7,3.8,17.2
2024-01-07 12:00:00+00:00,Brasilia,177.0,,3.3,2.2,79.0,5.4,7.6,31.599998
2024-01-07 13:00:00+00:00,Brasilia,170.0,,2.6,1.8,78.0,5.0,7.0,31.199999
2024-01-07 14:00:00+00:00,Brasilia,159.0,,1.7,1.2,77.0,4.2,5.9,30.8
2024-01-07 15:00:00+00:00,Brasilia,151.0,,1.1,0.8,75.0,3.4,4.7,30.0
2024-01-07 16:00:00+00:00,Brasilia,146.0,,0.8,0.6,72.0,3.1,4.3,28.800001
2024-01-07 17:00:00+00:00,Brasilia,143.0,,0.8,0.6,67.0,4.5,6.1,26.800001
2024-01-07 18:00:00+00:00,Brasilia,143.0,,1.2,0.6,62.0,4.5,6.1,24.8
2024-01-07 19:00:00+00:00,Brasilia,146.0,,2.1,0.6,56.0,4.4,6.1,22.4
2024-01-07 20:00:00+00:00,Brasilia,152.0,,3.4,0.6,48.0,4.2,5.7,19.199999
2024-01-07 21:00:00+00:00,Brasilia,160.0,,5.0,0.8,42.0,4.7,6.3,16.8
2024-01-07 22:00:00+00:00,Brasilia,173.0,,7.2,1.2,37.0,5.4,7.4,14.8
2024-01-07 23:00:00+00:00,Brasilia,189.0,,9.7,1.7,33.0,5.8,7.9,13.200001
2024-01-08 00:00:00+00:00,Brasilia,196.0,,9.9,2.1,50.0,7.9,11.1,20.0
2024-01-08 01:00:00+00:00,Brasilia,193.0,,9.3,2.0,48.0,6.9,9.7,19.199999
2024-01-08 02:00:00+00:00,Brasilia,189.0,,8.4,1.9,46.0,5.6,7.9,18.4
2024-01-08 03:00:00+00:00,Brasilia,185.0,,7.6,1.8,43.0,5.2,7.3,17.2
2024-01-08 04:00:00+00:00,Brasilia,182.0,,7.0,1.8,40.0,4.5,6.3,16.0
2024-01-08 05:00:00+00:00,Brasilia,180.0,,6.4,1.9,36.0,4.2,6.0,14.400001
2024-01-08 06:00:00+00:00,Brasilia,178.0,,6.0,1.9,33.0,3.9,5.5,13.200001
2024-01-08 07:00:00+00:00,Brasilia,175.0,,5.8,1.8,31.0,3.7,5.3,12.4
2024-01-08 08:00:00+00:00,Brasilia,172.0,,5.7,1.6,29.0,3.5,5.0,11.599999
2024-01-08 09:00:00+00:00,Brasilia,170.0,,5.5,1.5,29.0,3.5,5.0,11.599999
2024-01-08 10:00:00+00:00,Brasilia,169.0,,5.0,1.5,33.0,3.2,4.5,13.200001
2024-01-08 11:00:00+00:00,Brasilia,168.0,,4.4,1.5,40.0,2.9,4.2,16.0
2024-01-08 12:00:00+00:00,Brasilia,168.0,,3.4,1.4,46.0,1.1,1.6,18.4
2024-01-08 13:00:00+00:00,Brasilia,162.0,,2.8,1.2,47.0,1.0,1.5,18.8
2024-01-08 14:00:00+00:00,Brasilia,154.0,,2.0,0.9,48.0,1.4,2.0,19.199999
2024-01-08 15:00:00+00:00,Brasilia,148.0,,1.5,0.7,49.0,1.1,1.6,19.6
2024-01-08 16:00:00+00:00,Brasilia,145.0,,1.4,0.6,50.0,1.0,1.4,20.0
2024-01-08 17:00:00+00:00,Brasilia,143.0,,1.6,0.5,50.0,1.1,1.6,20.0
2024-01-08 18:00:00+00:00,Brasilia,144.0,,1.9,0.5,50.0,1.3,1.9,20.0
2024-01-08 19:00:00+00:00,Brasilia,147.0,,2.4,0.5,49.0,1.7,2.3,19.6
2024-01-08 20:00:00+00:00,Brasilia,152.0,,3.0,0.6,46.0,1.9,2.7,18.4
2024-01-08 21:00:00+00:00,Brasilia,157.0,,3.7,0.7,43.0,2.1,2.9,17.2
2024-01-08 22:00:00+00:00,Brasilia,160.0,,4.4,0.8,38.0,2.5,3.6,15.2
2024-01-08 23:00:00+00:00,Brasilia,163.0,,5.2,1.0,32.0,2.2,3.2,12.799999
2024-01-09 00:00:00+00:00,Brasilia,229.0,,13.8,1.7,16.0,7.4,10.2,6.9
2024-01-09 01:00:00+00:00,Brasilia,225.0,,13.2,1.8,15.0,7.2,10.0,6.5999994
2024-01-09 02:00:00+00:00,Brasilia,220.0,,12.3,1.8,14.0,7.1,9.8,6.15
2024-01-09 03:00:00+00:00,Brasilia,213.0,,11.1,1.8,13.0,7.3,10.0,6.225
2024-01-09 04:00:00+00:00,Brasilia,203.0,,9.5,1.5,13.0,6.9,9.5,6.3999996
2024-01-09 05:00:00+00:00,Brasilia,191.0,,7.7,1.1,14.0,7.3,10.1,6.600001
2024-01-09 06:00:00+00:00,Brasilia,182.0,,6.3,0.9,15.0,5.6,7.7,6.858334
2024-01-09 07:00:00+00:00,Brasilia,178.0,,5.8,1.0,14.0,4.6,6.3,7.0000005
2024-01-09 08:00:00+00:00,Brasilia,176.0,,5.8,1.2,13.0,3.6,5.0,7.0750003
2024-01-09 09:00:00+00:00,Brasilia,175.0,,5.6,1.4,15.0,3.5,4.8,7.083334
2024-01-09 10:00:00+00:00,Brasilia,176.0,,5.1,1.6,22.0,4.2,5.8,8.8
2024-01-09 11:00:00+00:00,Brasilia,178.0,,4.5,1.8,32.0,5.2,7.1,12.799999
2024-01-09 12:00:00+00:00,Brasilia,171.0,,3.8,1.7,39.0,5.3,7.1,15.599999
2024-01-09 13:00:00+00:00,Brasilia,170.0,,2.9,1.4,47.0,4.4,6.0,18.8
2024-01-09 14:00:00+00:00,Brasilia,169.0,,1.6,1.1,58.0,3.8,5.2,23.199999
2024-01-09 15:00:00+00:00,Brasilia,168.0,,0.8,0.8,66.0,3.5,4.9,26.399998
2024-01-09 16:00:00+00:00,Brasilia,165.0,,0.7,0.6,67.0,3.4,4.7,26.800001
2024-01-09 17:00:00+00:00,Brasilia,162.0,,1.0,0.4,64.0,3.2,4.5,25.599998
2024-01-09 18:00:00+00:00,Brasilia,162.0,,1.6,0.4,61.0,3.7,5.2,24.400002
2024-01-09 19:00:00+00:00,Brasilia,162.0,,1.8,0.5,61.0,4.1,5.8,24.400002
2024-01-09 20:00:00+00:00,Brasilia,165.0,,2.3,0.6,62.0,4.6,6.5,24.8
2024-01-09 21:00:00+00:00,Brasilia,180.0,,4.6,0.9,59.0,5.2,7.4,23.600002
2024-01-09 22:00:00+00:00,Brasilia,222.0,,10.7,1.5,48.0,6.4,9.1,19.199999
2024-01-09 23:00:00+00:00,Brasilia,276.0,,18.5,2.2,33.0,8.0,11.4,13.200001
2024-01-10 00:00:00+00:00,Brasilia,287.0,,18.3,2.5,32.0,8.8,12.6,12.799999
2024-01-10 01:00:00+00:00,Brasilia,282.0,,17.0,2.5,31.0,8.6,12.3,12.4
2024-01-10 02:00:00+00:00,Brasilia,273.0,,15.3,2.5,30.0,8.2,11.6,12.0
2024-01-10 03:00:00+00:00,Brasilia,263.0,,13.4,2.5,29.0,7.7,10.8,11.599999
2024-01-10 04:00:00+00:00,Brasilia,249.0,,11.5,2.4,29.0,7.0,9.9,11.599999
2024-01-10 05:00:00+00:00,Brasilia,233.0,,9.6,2.4,30.0,6.3,9.0,12.0
2024-01-10 06:00:00+00:00,Brasilia,218.0,,8.0,2.3,32.0,5.7,8.1,12.799999
2024-01-10 07:00:00+00:00,Brasilia,202.0,,6.7,2.2,35.0,5.1,7.3,14.0
2024-01-10 08:00:00+00:00,Brasilia,187.0,,5.7,2.1,38.0,4.5,6.4,15.2
2024-01-10 09:00:00+00:00,Brasilia,179.0,,5.5,2.1,40.0,4.1,5.9,16.0
2024-01-10 10:00:00+00:00,Brasilia,188.0,,6.8,2.3,39.0,4.2,6.0,15.599999
2024-01-10 11:00:00+00:00,Brasilia,204.0,,8.8,2.5,38.0,4.7,6.7,15.2
2024-01-10 12:00:00+00:00,Brasilia,185.0,,3.9,2.4,76.0,5.3,7.6,30.4
2024-01-10 13:00:00+00:00,Brasilia,176.0,,3.5,2.1,73.0,4.6,6.7,29.2
2024-01-10 14:00:00+00:00,Brasilia,163.0,,3.0,1.7,69.0,4.2,6.1,27.6
2024-01-10 15:00:00+00:00,Brasilia,154.0,,2.6,1.4,67.0,4.0,5.8,26.800001
2024-01-10 16:00:00+00:00,Brasilia,152.0,,2.3,1.3,70.0,4.1,5.9,28.0
2024-01-10 17:00:00+00:00,Brasilia,154.0,,2.0,1.4,74.0,4.2,6.1,29.6
2024-01-10 18:00:00+00:00,Brasilia,157.0,,2.0,1.4,78.0,4.5,6.5,31.199999
2024-01-10 19:00:00+00:00,Brasilia,155.0,,1.7,1.3,80.0,4.5,6.4,32.0
2024-01-10 20:00:00+00:00,Brasilia,153.0,,1.6,1.1,81.0,4.7,6.8,32.4
2024-01-10 21:00:00+00:00,Brasilia,164.0,,3.4,1.2,78.0,4.9,7.0,31.199999
2024-01-10 22:00:00+00:00,Brasilia,200.0,,9.3,1.6,66.0,6.1,8.8,26.399998
2024-01-10 23:00:00+00:00,Brasilia,248.0,,17.1,2.2,50.0,7.4,10.7,20.0
2024-01-11 00:00:00+00:00,Brasilia,213.0,,9.9,2.1,41.0,10.7,15.3,16.4
2024-01-11 01:00:00+00:00,Brasilia,211.0,,9.5,2.1,41.0,10.7,15.2,16.4
2024-01-11 02:00:00+00:00,Brasilia,209.0,,9.0,2.1,40.0,10.7,15.3,16.0
2024-01-11 03:00:00+00:00,Brasilia,209.0,,8.7,2.2,38.0,11.1,15.8,15.2
2024-01-11 04:00:00+00:00,Brasilia,213.0,,8.8,2.3,35.0,11.4,16.1,14.0
2024-01-11 05:00:00+00:00,Brasilia,219.0,,9.1,2.5,31.0,11.7,16.5,12.4
2024-01-11 06:00:00+00:00,Brasilia,226.0,,9.5,2.6,27.0,12.0,17.0,12.758331
2024-01-11 07:00:00+00:00,Brasilia,237.0,,10.3,2.6,21.0,12.5,17.8,13.283331
2024-01-11 08:00:00+00:00,Brasilia,249.0,,11.1,2.6,15.0,13.4,19.0,13.899999
2024-01-11 09:00:00+00:00,Brasilia,253.0,,11.0,2.6,19.0,14.2,20.3,14.641665
2024-01-11 10:00:00+00:00,Brasilia,242.0,,9.0,2.8,41.0,16.1,22.9,16.4
2024-01-11 11:00:00+00:00,Brasilia,222.0,,6.0,3.0,72.0,15.8,22.4,28.800001
2024-01-11 12:00:00+00:00,Brasilia,191.0,,3.2,2.9,93.0,9.8,14.0,37.2
2024-01-11 13:00:00+00:00,Brasilia,178.0,,2.5,2.4,92.0,8.1,11.6,36.8
2024-01-11 14:00:00+00:00,Brasilia,159.0,,1.6,1.7,90.0,6.7,9.7,36.0
2024-01-11 15:00:00+00:00,Brasilia,146.0,,1.0,1.1,88.0,5.5,7.9,35.2
2024-01-11 16:00:00+00:00,Brasilia,142.0,,0.9,0.8,85.0,4.6,6.6,34.0
2024-01-11 17:00:00+00:00,Brasilia,144.0,,1.0,0.7,81.0,5.4,7.9,32.4
2024-01-11 18:00:00+00:00,Brasilia,148.0,,1.5,0.7,78.0,6.0,8.7,31.199999
2024-01-11 19:00:00+00:00,Brasilia,151.0,,2.0,0.8,76.0,6.3,9.1,30.4
2024-01-11 20:00:00+00:00,Brasilia,156.0,,2.8,0.9,74.0,6.5,9.4,29.6
2024-01-11 21:00:00+00:00,Brasilia,171.0,,4.8,1.2,69.0,7.0,10.1,27.6
2024-01-11 22:00:00+00:00,Brasilia,202.0,,9.3,1.7,58.0,8.0,11.5,23.199999
2024-01-11 23:00:00+00:00,Brasilia,242.0,,15.0,2.3,45.0,9.0,12.9,19.300001
2024-01-12 00:00:00+00:00,Brasilia,301.0,,25.0,2.8,32.0,9.9,14.2,19.433334
2024-01-12 01:00:00+00:00,Brasilia,330.0,,27.6,3.1,27.0,11.3,16.1,19.366667
2024-01-12 02:00:00+00:00,Brasilia,369.0,,31.0,3.6,20.0,12.0,17.2,19.416666
2024-01-12 03:00:00+00:00,Brasilia,394.0,,32.4,3.8,15.0,12.6,18.0,19.525
2024-01-12 04:00:00+00:00,Brasilia,396.0,,30.4,3.5,14.0,13.6,19.4,19.65
2024-01-12 05:00:00+00:00,Brasilia,385.0,,26.4,3.0,16.0,14.1,20.1,19.833334
2024-01-12 06:00:00+00:00,Brasilia,366.0,,22.2,2.5,19.0,13.4,19.1,20.033337
2024-01-12 07:00:00+00:00,Brasilia,337.0,,18.2,2.3,22.0,11.6,16.6,20.149998
2024-01-12 08:00:00+00:00,Brasilia,301.0,,14.1,2.2,27.0,9.7,13.9,20.075
2024-01-12 09:00:00+00:00,Brasilia,266.0,,10.4,2.1,36.0,8.9,12.7,19.766668
2024-01-12 10:00:00+00:00,Brasilia,236.0,,7.4,2.1,52.0,7.5,10.7,20.8
2024-01-12 11:00:00+00:00,Brasilia,208.0,,4.9,2.2,73.0,6.8,9.7,29.2
2024-01-12 12:00:00+00:00,Brasilia,186.0,,3.1,2.9,102.0,6.5,9.3,41.333332
2024-01-12 13:00:00+00:00,Brasilia,174.0,,2.4,2.3,98.0,5.2,7.5,39.2
2024-01-12 14:00:00+00:00,Brasilia,158.0,,1.5,1.6,93.0,5.0,7.3,37.2
2024-01-12 15:00:00+00:00,Brasilia,146.0,,0.9,1.0,89.0,4.7,6.9,35.6
2024-01-12 16:00:00+00:00,Brasilia,142.0,,0.7,0.8,88.0,4.5,6.6,35.2
2024-01-12 17:00:00+00:00,Brasilia,142.0,,0.7,0.8,88.0,4.5,6.7,35.2
2024-01-12 18:00:00+00:00,Brasilia,144.0,,1.1,0.8,87.0,4.5,6.6,34.8
2024-01-12 19:00:00+00:00,Brasilia,144.0,,1.5,0.8,84.0,4.5,6.6,33.600002
2024-01-12 20:00:00+00:00,Brasilia,146.0,,2.2,0.8,80.0,4.4,6.5,32.0
2024-01-12 21:00:00+00:00,Brasilia,158.0,,4.2,0.9,74.0,4.8,7.1,29.6
2024-01-12 22:00:00+00:00,Brasilia,188.0,,8.7,1.3,63.0,6.0,8.8,25.2
2024-01-12 23:00:00+00:00,Brasilia,227.0,,14.4,1.9,50.0,7.3,10.6,20.0
2024-01-13 00:00:00+00:00,Brasilia,222.0,,13.7,1.9,42.0,7.7,11.1,16.8
2024-01-13 01:00:00+00:00,Brasilia,226.0,,13.7,1.9,39.0,7.9,11.5,15.924999
2024-01-13 02:00:00+00:00,Brasilia,232.0,,13.7,1.9,35.0,7.8,11.4,15.641666
2024-01-13 03:00:00+00:00,Brasilia,235.0,,13.4,2.0,32.0,8.0,11.5,15.291667
2024-01-13 04:00:00+00:00,Brasilia,233.0,,12.4,2.2,31.0,7.8,11.1,14.908333
2024-01-13 05:00:00+00:00,Brasilia,229.0,,11.2,2.4,31.0,7.9,11.3,14.424999
2024-01-13 06:00:00+00:00,Brasilia,226.0,,10.2,2.6,31.0,7.9,11.4,13.908333
2024-01-13 07:00:00+00:00,Brasilia,226.0,,10.0,2.9,29.0,7.9,11.3,13.450001
2024-01-13 08:00:00+00:00,Brasilia,228.0,,10.2,3.2,26.0,7.9,11.2,13.141666
2024-01-13 09:00:00+00:00,Brasilia,226.0,,9.7,3.4,32.0,8.0,11.4,12.991666
2024-01-13 10:00:00+00:00,Brasilia,218.0,,8.0,3.5,53.0,8.6,12.3,21.199999
2024-01-13 11:00:00+00:00,Brasilia,206.0,,5.6,3.5,81.0,9.2,13.2,32.4
2024-01-13 12:00:00+00:00,Brasilia,173.0,,3.7,1.9,82.0,5.5,7.9,32.8
2024-01-13 13:00:00+00:00,Brasilia,167.0,,3.1,1.5,83.0,6.2,8.9,33.2
2024-01-13 14:00:00+00:00,Brasilia,158.0,,2.2,1.1,84.0,5.9,8.5,33.600002
2024-01-13 15:00:00+00:00,Brasilia,151.0,,1.6,0.7,85.0,5.1,7.4,34.0
2024-01-13 16:00:00+00:00,Brasilia,148.0,,1.5,0.6,84.0,4.7,6.8,33.600002
2024-01-13 17:00:00+00:00,Brasilia,147.0,,1.7,0.6,83.0,6.9,10.0,33.2
2024-01-13 18:00:00+00:00,Brasilia,148.0,,2.0,0.7,82.0,6.1,8.7,32.8
2024-01-13 19:00:00+00:00,Brasilia,148.0,,2.0,0.8,85.0,6.6,9.4,34.0
2024-01-13 20:00:00+00:00,Brasilia,151.0,,2.1,0.9,89.0,6.8,9.7,35.6
2024-01-13 21:00:00+00:00,Brasilia,167.0,,4.0,1.2,87.0,6.8,9.8,34.8
2024-01-13 22:00:00+00:00,Brasilia,207.0,,9.3,1.7,75.0,7.7,11.0,30.0
2024-01-13 23:00:00+00:00,Brasilia,260.0,,16.4,2.4,57.0,9.5,13.6,22.8
2024-01-14 00:00:00+00:00,Brasilia,329.0,,28.9,3.0,39.0,9.9,14.2,15.599999
2024-01-14 01:00:00+00:00,Brasilia,364.0,,32.5,3.6,34.0,11.5,16.5,16.25
2024-01-14 02:00:00+00:00,Brasilia,413.0,,37.4,4.4,26.0,12.8,18.4,18.7
2024-01-14 03:00:00+00:00,Brasilia,451.0,,40.1,4.9,20.0,13.7,19.6,20.039999
2024-01-14 04:00:00+00:00,Brasilia,477.0,,39.2,4.8,15.0,14.0,20.0,19.6
2024-01-14 05:00:00+00:00,Brasilia,492.0,,36.2,4.3,12.0,13.8,19.8,18.1
2024-01-14 06:00:00+00:00,Brasilia,479.0,,31.7,3.9,12.0,13.6,19.5,16.916666
2024-01-14 07:00:00+00:00,Brasilia,417.0,,25.0,3.6,18.0,12.5,17.9,17.391668
2024-01-14 08:00:00+00:00,Brasilia,326.0,,16.9,3.4,28.0,9.7,13.9,17.775
2024-01-14 09:00:00+00:00,Brasilia,253.0,,10.4,3.2,39.0,8.2,11.7,17.925001
2024-01-14 10:00:00+00:00,Brasilia,218.0,,6.8,3.1,53.0,8.4,11.9,21.199999
2024-01-14 11:00:00+00:00,Brasilia,201.0,,4.9,3.0,69.0,8.2,11.7,27.6
2024-01-14 12:00:00+00:00,Brasilia,163.0,,2.2,1.6,73.0,6.8,9.7,29.2
2024-01-14 13:00:00+00:00,Brasilia,158.0,,2.0,1.3,72.0,7.5,10.8,28.800001
2024-01-14 14:00:00+00:00,Brasilia,151.0,,1.6,1.0,70.0,6.7,9.7,28.0
2024-01-14 15:00:00+00:00,Brasilia,146.0,,1.5,0.7,68.0,7.5,10.7,27.2
2024-01-14 16:00:00+00:00,Brasilia,146.0,,1.6,0.7,67.0,7.7,11.1,26.800001
2024-01-14 17:00:00+00:00,Brasilia,148.0,,1.9,0.8,66.0,7.0,10.0,26.399998
2024-01-14 18:00:00+00:00,Brasilia,153.0,,2.6,0.9,64.0,6.8,9.7,25.599998
2024-01-14 19:00:00+00:00,Brasilia,160.0,,3.9,1.1,62.0,6.6,9.5,24.8
2024-01-14 20:00:00+00:00,Brasilia,169.0,,5.5,1.3,59.0,6.9,9.9,23.600002
2024-01-14 21:00:00+00:00,Brasilia,178.0,,7.0,1.6,56.0,7.2,10.4,22.4
2024-01-14 22:00:00+00:00,Brasilia,185.0,,8.2,1.8,51.0,7.7,11.0,20.4
2024-01-14 23:00:00+00:00,Brasilia,192.0,,9.4,2.1,46.0,7.5,10.7,18.683332
2024-01-15 00:00:00+00:00,Brasilia,237.0,,15.0,2.0,36.0,8.2,11.7,18.516665
2024-01-15 01:00:00+00:00,Brasilia,236.0,,14.6,2.0,36.0,8.6,12.3,18.374998
2024-01-15 02:00:00+00:00,Brasilia,234.0,,14.0,2.1,35.0,8.8,12.5,18.133333
2024-01-15 03:00:00+00:00,Brasilia,234.0,,13.4,2.1,34.0,8.9,12.7,17.8
2024-01-15 04:00:00+00:00,Brasilia,238.0,,12.8,2.0,31.0,9.5,13.5,17.4
2024-01-15 05:00:00+00:00,Brasilia,244.0,,12.2,1.9,27.0,9.6,13.7,17.025
2024-01-15 06:00:00+00:00,Brasilia,247.0,,11.6,1.9,24.0,9.5,13.5,16.675001
2024-01-15 07:00:00+00:00,Brasilia,247.0,,11.2,2.0,22.0,9.4,13.4,16.333334
2024-01-15 08:00:00+00:00,Brasilia,244.0,,10.8,2.1,21.0,10.0,14.2,16.074999
2024-01-15 09:00:00+00:00,Brasilia,238.0,,9.9,2.2,25.0,10.9,15.7,16.099998
2024-01-15 10:00:00+00:00,Brasilia,224.0,,8.1,2.1,39.0,11.9,16.9,16.324999
2024-01-15 11:00:00+00:00,Brasilia,207.0,,5.9,2.0,59.0,11.2,16.0,23.600002
2024-01-15 12:00:00+00:00,Brasilia,209.0,,4.2,2.8,95.0,5.5,7.8,38.0
2024-01-15 13:00:00+00:00,Brasilia,199.0,,3.3,2.3,99.0,5.5,7.8,39.6
2024-01-15 14:00:00+00:00,Brasilia,185.0,,2.1,1.7,104.0,4.6,6.5,42.666668
2024-01-15 15:00:00+00:00,Brasilia,173.0,,1.3,1.2,106.0,3.9,5.5,44.0
2024-01-15 16:00:00+00:00,Brasilia,163.0,,1.1,0.9,103.0,2.9,4.2,42.0
2024-01-15 17:00:00+00:00,Brasilia,155.0,,1.4,0.7,98.0,2.5,3.6,39.2
2024-01-15 18:00:00+00:00,Brasilia,151.0,,1.9,0.6,93.0,2.9,4.1,37.2
2024-01-15 19:00:00+00:00,Brasilia,151.0,,2.4,0.6,92.0,3.5,5.0,36.8
2024-01-15 20:00:00+00:00,Brasilia,156.0,,3.3,0.8,92.0,3.6,5.2,36.8
2024-01-15 21:00:00+00:00,Brasilia,169.0,,5.1,1.1,88.0,4.1,5.8,35.2
2024-01-15 22:00:00+00:00,Brasilia,197.0,,8.9,1.6,77.0,5.3,7.5,30.8
2024-01-15 23:00:00+00:00,Brasilia,234.0,,13.7,2.2,62.0,6.5,9.3,24.8
2024-01-16 00:00:00+00:00,Brasilia,248.0,,17.1,2.3,50.0,8.5,12.1,20.0
2024-01-16 01:00:00+00:00,Brasilia,279.0,,21.0,2.8,43.0,9.6,13.8,17.2
2024-01-16 02:00:00+00:00,Brasilia,321.0,,26.2,3.5,35.0,10.8,15.4,14.050002
2024-01-16 03:00:00+00:00,Brasilia,350.0,,29.3,3.9,28.0,11.7,16.7,14.65
2024-01-16 04:00:00+00:00,Brasilia,351.0,,28.2,3.7,27.0,11.9,17.0,14.450001
2024-01-16 05:00:00+00:00,Brasilia,339.0,,25.0,3.2,28.0,12.5,17.9,14.650001
2024-01-16 06:00:00+00:00,Brasilia,329.0,,22.0,2.6,28.0,12.9,18.5,14.891666
2024-01-16 07:00:00+00:00,Brasilia,333.0,,20.3,1.7,22.0,14.5,20.7,15.174998
2024-01-16 08:00:00+00:00,Brasilia,340.0,,18.9,0.6,15.0,16.4,23.4,15.599999
2024-01-16 09:00:00+00:00,Brasilia,332.0,,16.6,0.2,19.0,16.0,22.8,16.133333
2024-01-16 10:00:00+00:00,Brasilia,295.0,,12.5,1.2,43.0,15.1,21.5,17.2
2024-01-16 11:00:00+00:00,Brasilia,242.0,,7.5,2.9,78.0,13.9,19.9,31.199999
2024-01-16 12:00:00+00:00,Brasilia,184.0,,3.6,3.9,101.0,5.6,8.0,40.666664
2024-01-16 13:00:00+00:00,Brasilia,173.0,,2.8,3.1,99.0,4.4,6.3,39.6
2024-01-16 14:00:00+00:00,Brasilia,158.0,,1.8,2.0,97.0,3.9,5.6,38.800003
2024-01-16 15:00:00+00:00,Brasilia,146.0,,1.0,1.1,94.0,3.6,5.2,37.6
2024-01-16 16:00:00+00:00,Brasilia,140.0,,0.7,0.7,91.0,3.2,4.7,36.399998
2024-01-16 17:00:00+00:00,Brasilia,137.0,,0.7,0.6,88.0,2.9,4.2,35.2
2024-01-16 18:00:00+00:00,Brasilia,137.0,,0.9,0.6,85.0,2.7,3.9,34.0
2024-01-16 19:00:00+00:00,Brasilia,136.0,,1.1,0.5,83.0,2.6,3.7,33.2
2024-01-16 20:00:00+00:00,Brasilia,138.0,,1.6,0.5,80.0,2.5,3.7,32.0
2024-01-16 21:00:00+00:00,Brasilia,148.0,,3.3,0.7,75.0,2.8,4.1,30.0
2024-01-16 22:00:00+00:00,Brasilia,176.0,,7.4,1.1,64.0,4.4,6.4,25.599998
2024-01-16 23:00:00+00:00,Brasilia,213.0,,12.7,1.7,50.0,5.4,7.8,20.0
2024-01-17 00:00:00+00:00,Brasilia,348.0,,29.9,3.1,29.0,9.1,13.0,16.483332
2024-01-17 01:00:00+00:00,Brasilia,361.0,,29.4,3.1,26.0,9.7,13.9,16.533333
2024-01-17 02:00:00+00:00,Brasilia,377.0,,28.5,3.2,21.0,9.6,13.7,16.541666
2024-01-17 03:00:00+00:00,Brasilia,382.0,,26.9,3.2,18.0,9.0,12.9,16.441666
2024-01-17 04:00:00+00:00,Brasilia,365.0,,23.8,3.1,19.0,8.3,11.8,16.216665
2024-01-17 05:00:00+00:00,Brasilia,335.0,,19.9,3.1,21.0,7.5,10.7,15.916667
2024-01-17 06:00:00+00:00,Brasilia,309.0,,16.7,3.0,23.0,6.8,9.7,15.500001
2024-01-17 07:00:00+00:00,Brasilia,294.0,,15.0,3.0,22.0,6.2,8.8,14.991667
2024-01-17 08:00:00+00:00,Brasilia,281.0,,13.9,3.1,21.0,5.7,8.2,14.300001
2024-01-17 09:00:00+00:00,Brasilia,263.0,,12.2,3.0,26.0,5.5,8.0,13.408333
2024-01-17 10:00:00+00:00,Brasilia,230.0,,9.0,2.6,43.0,7.0,10.1,17.2
2024-01-17 11:00:00+00:00,Brasilia,191.0,,5.2,2.2,67.0,6.8,9.8,26.800001
2024-01-17 12:00:00+00:00,Brasilia,158.0,,2.4,1.9,88.0,1.1,1.6,35.2
2024-01-17 13:00:00+00:00,Brasilia,152.0,,2.0,1.5,88.0,0.8,1.1,35.2
2024-01-17 14:00:00+00:00,Brasilia,143.0,,1.3,1.1,89.0,0.9,1.3,35.6
2024-01-17 15:00:00+00:00,Brasilia,137.0,,0.9,0.7,90.0,1.0,1.5,36.0
2024-01-17 16:00:00+00:00,Brasilia,134.0,,0.7,0.6,92.0,1.2,1.7,36.8
2024-01-17 17:00:00+00:00,Brasilia,132.0,,0.6,0.6,94.0,1.3,1.8,37.6
2024-01-17 18:00:00+00:00,Brasilia,134.0,,1.0,0.6,95.0,1.6,2.3,38.0
2024-01-17 19:00:00+00:00,Brasilia,136.0,,1.5,0.6,95.0,1.6,2.3,38.0
2024-01-17 20:00:00+00:00,Brasilia,141.0,,2.4,0.7,93.0,1.7,2.5,37.2
2024-01-17 21:00:00+00:00,Brasilia,160.0,,5.0,0.9,86.0,2.4,3.4,34.4
2024-01-17 22:00:00+00:00,Brasilia,208.0,,11.1,1.4,71.0,5.3,7.7,28.4
2024-01-17 23:00:00+00:00,Brasilia,269.0,,18.8,2.1,51.0,6.7,9.6,20.4
2024-01-18 00:00:00+00:00,Brasilia,288.0,,23.3,2.6,40.0,5.6,7.9,16.0
2024-01-18 01:00:00+00:00,Brasilia,288.0,,22.1,2.6,36.0,5.9,8.5,14.400001
2024-01-18 02:00:00+00:00,Brasilia,287.0,,20.4,2.6,31.0,5.6,8.0,12.4
2024-01-18 03:00:00+00:00,Brasilia,280.0,,18.3,2.5,28.0,5.1,7.3,11.2
2024-01-18 04:00:00+00:00,Brasilia,260.0,,15.5,2.4,29.0,4.6,6.6,11.599999
2024-01-18 05:00:00+00:00,Brasilia,234.0,,12.3,2.2,31.0,4.1,5.9,12.4
2024-01-18 06:00:00+00:00,Brasilia,213.0,,9.9,2.1,34.0,3.7,5.3,13.6
2024-01-18 07:00:00+00:00,Brasilia,203.0,,9.1,2.2,34.0,3.4,4.9,13.6
2024-01-18 08:00:00+00:00,Brasilia,198.0,,9.2,2.3,34.0,3.4,4.9,13.6
2024-01-18 09:00:00+00:00,Brasilia,192.0,,8.6,2.3,38.0,3.6,5.2,15.2
2024-01-18 10:00:00+00:00,Brasilia,180.0,,6.5,2.0,50.0,5.4,7.7,20.0
2024-01-18 11:00:00+00:00,Brasilia,167.0,,3.8,1.6,66.0,4.9,7.0,26.399998
2024-01-18 12:00:00+00:00,Brasilia,149.0,,1.9,1.3,78.0,1.9,2.7,31.199999
2024-01-18 13:00:00+00:00,Brasilia,146.0,,1.6,1.1,79.0,2.0,2.8,31.599998
2024-01-18 14:00:00+00:00,Brasilia,143.0,,1.2,0.9,80.0,2.9,4.1,32.0
2024-01-18 15:00:00+00:00,Brasilia,141.0,,0.9,0.7,82.0,2.8,3.9,32.8
2024-01-18 16:00:00+00:00,Brasilia,142.0,,0.8,0.7,85.0,3.0,4.3,34.0
2024-01-18 17:00:00+00:00,Brasilia,145.0,,0.8,0.7,88.0,3.3,4.7,35.2
2024-01-18 18:00:00+00:00,Brasilia,148.0,,1.1,0.8,91.0,3.6,5.1,36.399998
2024-01-18 19:00:00+00:00,Brasilia,148.0,,1.2,0.8,94.0,3.9,5.5,37.6
2024-01-18 20:00:00+00:00,Brasilia,148.0,,1.6,0.9,96.0,4.3,6.2,38.4
2024-01-18 21:00:00+00:00,Brasilia,162.0,,3.6,1.1,93.0,4.8,6.9,37.2
2024-01-18 22:00:00+00:00,Brasilia,198.0,,8.6,1.6,80.0,6.7,9.6,32.0
2024-01-18 23:00:00+00:00,Brasilia,247.0,,15.2,2.2,62.0,8.3,11.8,24.8
2024-01-19 00:00:00+00:00,Brasilia,258.0,,16.5,2.3,48.0,10.1,14.4,19.199999
2024-01-19 01:00:00+00:00,Brasilia,259.0,,16.1,2.5,46.0,10.2,14.5,18.4
2024-01-19 02:00:00+00:00,Brasilia,260.0,,15.6,2.8,44.0,10.4,14.9,17.6
2024-01-19 03:00:00+00:00,Brasilia,262.0,,15.0,3.0,41.0,10.8,15.4,16.4
2024-01-19 04:00:00+00:00,Brasilia,265.0,,14.3,3.1,38.0,11.0,15.7,15.2
2024-01-19 05:00:00+00:00,Brasilia,268.0,,13.5,3.1,35.0,11.1,15.8,14.0
2024-01-19 06:00:00+00:00,Brasilia,271.0,,12.9,3.1,32.0,11.0,15.7,12.799999
2024-01-19 07:00:00+00:00,Brasilia,275.0,,12.7,3.2,28.0,10.9,15.6,11.900001
2024-01-19 08:00:00+00:00,Brasilia,279.0,,12.7,3.3,24.0,10.9,15.5,12.524998
2024-01-19 09:00:00+00:00,Brasilia,273.0,,11.9,3.4,30.0,11.2,16.1,13.149998
2024-01-19 10:00:00+00:00,Brasilia,250.0,,9.6,3.6,54.0,13.4,19.2,21.6
2024-01-19 11:00:00+00:00,Brasilia,219.0,,6.5,3.9,86.0,13.2,18.8,34.4
2024-01-19 12:00:00+00:00,Brasilia,189.0,,4.1,4.2,115.0,15.3,21.9,50.0
2024-01-19 13:00:00+00:00,Brasilia,176.0,,3.2,3.3,111.0,10.3,14.7,47.333336
2024-01-19 14:00:00+00:00,Brasilia,159.0,,2.0,2.1,105.0,7.3,10.5,43.333336
2024-01-19 15:00:00+00:00,Brasilia,146.0,,1.1,1.2,102.0,6.4,9.1,41.333332
2024-01-19 16:00:00+00:00,Brasilia,142.0,,0.8,0.9,103.0,6.0,8.6,42.0
2024-01-19 17:00:00+00:00,Brasilia,143.0,,0.9,1.0,107.0,6.0,8.6,44.666668
2024-01-19 18:00:00+00:00,Brasilia,146.0,,1.2,1.1,110.0,5.9,8.5,46.666664
2024-01-19 19:00:00+00:00,Brasilia,146.0,,1.4,1.1,112.0,5.9,8.5,48.0
2024-01-19 20:00:00+00:00,Brasilia,148.0,,1.9,1.1,113.0,6.1,8.7,48.666668
2024-01-19 21:00:00+00:00,Brasilia,159.0,,3.5,1.3,109.0,6.5,9.3,46.0
2024-01-19 22:00:00+00:00,Brasilia,189.0,,7.3,1.7,96.0,8.8,12.7,38.4
2024-01-19 23:00:00+00:00,Brasilia,229.0,,12.2,2.3,78.0,9.7,14.0,31.199999
2024-01-20 00:00:00+00:00,Brasilia,361.0,,33.5,3.3,39.0,9.9,14.1,19.033333
2024-01-20 01:00:00+00:00,Brasilia,390.0,,34.5,3.5,33.0,11.3,16.1,19.016665
2024-01-20 02:00:00+00:00,Brasilia,428.0,,35.7,3.8,25.0,12.5,17.9,19.108332
2024-01-20 03:00:00+00:00,Brasilia,448.0,,35.0,3.9,19.0,12.4,17.7,19.283333
2024-01-20 04:00:00+00:00,Brasilia,431.0,,30.4,3.6,19.0,11.1,15.9,19.416666
2024-01-20 05:00:00+00:00,Brasilia,395.0,,24.0,3.2,21.0,10.4,14.9,19.425
2024-01-20 06:00:00+00:00,Brasilia,369.0,,19.2,2.8,22.0,10.0,14.2,19.366667
2024-01-20 07:00:00+00:00,Brasilia,371.0,,18.5,2.6,18.0,9.7,13.9,19.283335
2024-01-20 08:00:00+00:00,Brasilia,382.0,,19.6,2.5,13.0,9.9,14.2,19.183332
2024-01-20 09:00:00+00:00,Brasilia,375.0,,18.9,2.5,18.0,11.1,15.9,19.099998
2024-01-20 10:00:00+00:00,Brasilia,329.0,,14.2,2.7,44.0,13.7,19.6,19.091665
2024-01-20 11:00:00+00:00,Brasilia,264.0,,7.7,2.9,81.0,11.6,16.6,32.4
2024-01-20 12:00:00+00:00,Brasilia,211.0,,4.7,4.1,107.0,3.7,5.2,44.666668
2024-01-20 13:00:00+00:00,Brasilia,196.0,,3.7,3.4,109.0,3.5,4.9,46.0
2024-01-20 14:00:00+00:00,Brasilia,175.0,,2.3,2.3,112.0,2.8,4.0,48.0
2024-01-20 15:00:00+00:00,Brasilia,158.0,,1.2,1.5,113.0,2.4,3.4,48.666668
2024-01-20 16:00:00+00:00,Brasilia,150.0,,0.8,1.1,112.0,2.1,3.1,48.0
2024-01-20 17:00:00+00:00,Brasilia,147.0,,0.8,0.9,110.0,2.0,2.8,46.666664
2024-01-20 18:00:00+00:00,Brasilia,146.0,,1.0,0.8,107.0,1.8,2.6,44.666668
2024-01-20 19:00:00+00:00,Brasilia,146.0,,1.2,0.7,104.0,1.7,2.4,42.666668
2024-01-20 20:00:00+00:00,Brasilia,148.0,,1.6,0.6,99.0,1.6,2.3,39.6
2024-01-20 21:00:00+00:00,Brasilia,155.0,,2.7,0.6,92.0,1.7,2.4,36.8
2024-01-20 22:00:00+00:00,Brasilia,173.0,,5.4,0.8,79.0,2.6,3.7,31.599998
2024-01-20 23:00:00+00:00,Brasilia,197.0,,8.9,1.2,64.0,3.2,4.5,25.599998
2024-01-21 00:00:00+00:00,Brasilia,184.0,,6.9,1.1,58.0,4.9,7.1,23.199999
2024-01-21 01:00:00+00:00,Brasilia,183.0,,6.5,1.0,56.0,5.3,7.6,22.4
2024-01-21 02:00:00+00:00,Brasilia,181.0,,5.9,1.0,53.0,5.6,8.0,21.199999
2024-01-21 03:00:00+00:00,Brasilia,180.0,,5.3,0.9,50.0,5.7,8.1,20.0
2024-01-21 04:00:00+00:00,Brasilia,178.0,,4.7,0.9,48.0,5.6,8.1,19.199999
2024-01-21 05:00:00+00:00,Brasilia,176.0,,4.1,0.9,47.0,5.5,7.9,18.8
2024-01-21 06:00:00+00:00,Brasilia,176.0,,3.9,1.0,45.0,5.3,7.7,18.0
2024-01-21 07:00:00+00:00,Brasilia,180.0,,4.4,1.1,42.0,5.2,7.4,16.8
2024-01-21 08:00:00+00:00,Brasilia,186.0,,5.2,1.3,39.0,5.0,7.2,15.599999
2024-01-21 09:00:00+00:00,Brasilia,189.0,,5.5,1.4,40.0,5.1,7.3,16.0
2024-01-21 10:00:00+00:00,Brasilia,188.0,,4.6,1.4,49.0,6.0,8.7,19.6
2024-01-21 11:00:00+00:00,Brasilia,185.0,,3.1,1.2,62.0,5.6,8.0,24.8
2024-01-21 12:00:00+00:00,Brasilia,186.0,,2.5,2.0,90.0,4.8,6.8,36.0
2024-01-21 13:00:00+00:00,Brasilia,178.0,,2.0,1.6,90.0,4.9,7.1,36.0
2024-01-21 14:00:00+00:00,Brasilia,167.0,,1.4,1.1,91.0,4.9,7.0,36.399998
2024-01-21 15:00:00+00:00,Brasilia,159.0,,0.9,0.7,90.0,4.8,6.9,36.0
2024-01-21 16:00:00+00:00,Brasilia,156.0,,0.7,0.5,88.0,4.8,6.9,35.2
2024-01-21 17:00:00+00:00,Brasilia,156.0,,0.7,0.4,85.0,4.8,6.9,34.0
2024-01-21 18:00:00+00:00,Brasilia,158.0,,0.9,0.4,81.0,4.8,6.9,32.4
2024-01-21 19:00:00+00:00,Brasilia,160.0,,1.1,0.4,78.0,4.7,6.8,31.199999
2024-01-21 20:00:00+00:00,Brasilia,163.0,,1.6,0.5,75.0,5.1,7.4,30.0
2024-01-21 21:00:00+00:00,Brasilia,174.0,,3.2,0.7,69.0,5.6,8.0,27.6
2024-01-21 22:00:00+00:00,Brasilia,197.0,,6.6,1.1,60.0,6.3,9.0,24.0
2024-01-21 23:00:00+00:00,Brasilia,227.0,,11.1,1.7,48.0,7.0,10.1,19.199999
2024-01-22 00:00:00+00:00,Brasilia,215.0,,10.6,2.1,48.0,7.5,10.8,19.199999
2024-01-22 01:00:00+00:00,Brasilia,213.0,,10.2,2.1,46.0,7.6,10.9,18.4
2024-01-22 02:00:00+00:00,Brasilia,211.0,,9.5,2.2,44.0,7.5,10.7,17.6
2024-01-22 03:00:00+00:00,Brasilia,209.0,,9.0,2.3,42.0,7.3,10.4,16.8
2024-01-22 04:00:00+00:00,Brasilia,208.0,,8.7,2.4,41.0,7.3,10.5,16.4
2024-01-22 05:00:00+00:00,Brasilia,208.0,,8.5,2.6,39.0,7.5,10.7,15.599999
2024-01-22 06:00:00+00:00,Brasilia,208.0,,8.3,2.7,38.0,7.6,10.8,15.2
2024-01-22 07:00:00+00:00,Brasilia,208.0,,8.1,2.7,34.0,7.6,10.9,13.6
2024-01-22 08:00:00+00:00,Brasilia,208.0,,7.9,2.6,30.0,7.7,10.9,12.008334
2024-01-22 09:00:00+00:00,Brasilia,206.0,,7.2,2.4,31.0,7.7,11.1,12.4
2024-01-22 10:00:00+00:00,Brasilia,201.0,,5.7,2.2,44.0,8.6,12.3,17.6
2024-01-22 11:00:00+00:00,Brasilia,194.0,,3.9,1.9,63.0,8.8,12.6,25.2
2024-01-22 12:00:00+00:00,Brasilia,162.0,,2.2,0.8,59.0,0.5,0.7,23.600002
2024-01-22 13:00:00+00:00,Brasilia,159.0,,1.8,0.7,62.0,1.0,1.5,24.8
2024-01-22 14:00:00+00:00,Brasilia,154.0,,1.3,0.4,65.0,1.0,1.4,26.0
2024-01-22 15:00:00+00:00,Brasilia,150.0,,0.9,0.3,67.0,1.0,1.4,26.800001
2024-01-22 16:00:00+00:00,Brasilia,147.0,,0.8,0.2,66.0,1.0,1.4,26.399998
2024-01-22 17:00:00+00:00,Brasilia,145.0,,0.9,0.2,63.0,0.9,1.3,25.2
2024-01-22 18:00:00+00:00,Brasilia,145.0,,1.3,0.3,61.0,0.9,1.3,24.400002
2024-01-22 19:00:00+00:00,Brasilia,147.0,,1.6,0.4,61.0,1.5,2.1,24.400002
2024-01-22 20:00:00+00:00,Brasilia,152.0,,2.0,0.6,62.0,1.8,2.6,24.8
2024-01-22 21:00:00+00:00,Brasilia,165.0,,3.9,0.9,60.0,2.3,3.3,24.0
2024-01-22 22:00:00+00:00,Brasilia,195.0,,8.8,1.4,52.0,3.2,4.6,20.8
2024-01-22 23:00:00+00:00,Brasilia,234.0,,15.0,2.0,41.0,4.3,6.2,16.4
2024-01-23 00:00:00+00:00,Brasilia,234.0,,15.0,1.9,37.0,6.6,9.4,14.8
2024-01-23 01:00:00+00:00,Brasilia,218.0,,12.5,1.6,39.0,5.6,8.0,15.599999
2024-01-23 02:00:00+00:00,Brasilia,195.0,,9.0,1.3,41.0,5.5,7.9,16.4
2024-01-23 03:00:00+00:00,Brasilia,178.0,,6.3,1.1,43.0,5.2,7.5,17.2
2024-01-23 04:00:00+00:00,Brasilia,172.0,,5.2,1.2,43.0,4.9,7.0,17.2
2024-01-23 05:00:00+00:00,Brasilia,172.0,,4.9,1.4,43.0,5.0,7.2,17.2
2024-01-23 06:00:00+00:00,Brasilia,173.0,,4.9,1.6,42.0,4.8,6.9,16.8
2024-01-23 07:00:00+00:00,Brasilia,175.0,,5.2,1.8,39.0,4.5,6.4,15.599999
2024-01-23 08:00:00+00:00,Brasilia,179.0,,5.8,1.9,35.0,4.2,6.0,14.0
2024-01-23 09:00:00+00:00,Brasilia,181.0,,5.9,1.9,35.0,4.6,6.5,14.0
2024-01-23 10:00:00+00:00,Brasilia,182.0,,5.2,1.7,41.0,5.3,7.5,16.4
2024-01-23 11:00:00+00:00,Brasilia,182.0,,4.0,1.5,51.0,6.0,8.6,20.4
2024-01-23 12:00:00+00:00,Brasilia,174.0,,2.8,1.4,61.0,4.7,6.6,24.400002
2024-01-23 13:00:00+00:00,Brasilia,169.0,,2.3,1.1,60.0,4.6,6.5,24.0
2024-01-23 14:00:00+00:00,Brasilia,162.0,,1.7,0.6,58.0,3.5,5.0,23.199999
2024-01-23 15:00:00+00:00,Brasilia,158.0,,1.2,0.3,56.0,3.2,4.6,22.4
2024-01-23 16:00:00+00:00,Brasilia,159.0,,1.1,0.3,55.0,2.9,4.1,22.0
2024-01-23 17:00:00+00:00,Brasilia,162.0,,1.3,0.4,54.0,3.2,4.6,21.6
2024-01-23 18:00:00+00:00,Brasilia,165.0,,1.5,0.5,53.0,3.1,4.4,21.199999
2024-01-23 19:00:00+00:00,Brasilia,168.0,,1.6,0.5,52.0,2.9,4.1,20.8
2024-01-23 20:00:00+00:00,Brasilia,171.0,,1.8,0.4,52.0,2.7,3.9,20.8
2024-01-23 21:00:00+00:00,Brasilia,174.0,,2.2,0.4,50.0,2.2,3.2,20.0
2024-01-23 22:00:00+00:00,Brasilia,179.0,,3.2,0.5,45.0,2.5,3.6,18.0
2024-01-23 23:00:00+00:00,Brasilia,185.0,,4.4,0.7,40.0,2.6,3.7,16.0
2024-01-24 00:00:00+00:00,Brasilia,203.0,,7.1,1.0,31.0,4.9,7.1,12.4
2024-01-24 01:00:00+00:00,Brasilia,199.0,,6.3,0.9,31.0,4.7,6.8,12.4
2024-01-24 02:00:00+00:00,Brasilia,194.0,,5.1,0.8,30.0,4.5,6.4,12.0
2024-01-24 03:00:00+00:00,Brasilia,188.0,,4.0,0.7,30.0,4.2,5.9,12.0
2024-01-24 04:00:00+00:00,Brasilia,182.0,,3.0,0.6,31.0,3.8,5.5,12.4
2024-01-24 05:00:00+00:00,Brasilia,176.0,,2.0,0.5,33.0,3.5,5.0,13.200001
2024-01-24 06:00:00+00:00,Brasilia,171.0,,1.4,0.4,35.0,2.9,4.1,14.0
2024-01-24 07:00:00+00:00,Brasilia,169.0,,1.2,0.4,35.0,2.4,3.5,14.0
2024-01-24 08:00:00+00:00,Brasilia,169.0,,1.4,0.4,35.0,2.3,3.2,14.0
2024-01-24 09:00:00+00:00,Brasilia,170.0,,1.5,0.4,35.0,1.9,2.7,14.0
2024-01-24 10:00:00+00:00,Brasilia,172.0,,1.6,0.4,36.0,1.8,2.6,14.400001
2024-01-24 11:00:00+00:00,Brasilia,175.0,,1.7,0.3,38.0,1.6,2.3,15.2
2024-01-24 12:00:00+00:00,Brasilia,176.0,,1.7,0.3,41.0,1.4,2.0,16.4
2024-01-24 13:00:00+00:00,Brasilia,176.0,,1.4,0.3,41.0,1.3,1.9,16.4
2024-01-24 14:00:00+00:00,Brasilia,176.0,,1.1,0.2,41.0,1.2,1.7,16.4
2024-01-24 15:00:00+00:00,Brasilia,177.0,,0.9,0.2,41.0,1.1,1.6,16.4
2024-01-24 16:00:00+00:00,Brasilia,179.0,,0.9,0.2,41.0,1.1,1.6,16.4
2024-01-24 17:00:00+00:00,Brasilia,182.0,,1.1,0.3,41.0,1.3,1.9,16.4
2024-01-24 18:00:00+00:00,Brasilia,185.0,,1.4,0.4,41.0,1.8,2.6,16.4
2024-01-24 19:00:00+00:00,Brasilia,189.0,,2.0,0.5,41.0,2.2,3.2,16.4
2024-01-24 20:00:00+00:00,Brasilia,192.0,,2.8,0.5,40.0,2.4,3.3,16.0
2024-01-24 21:00:00+00:00,Brasilia,195.0,,3.5,0.6,39.0,2.1,3.0,15.599999
2024-01-24 22:00:00+00:00,Brasilia,196.0,,3.9,0.7,36.0,2.1,3.0,14.400001
2024-01-24 23:00:00+00:00,Brasilia,196.0,,4.1,0.7,32.0,2.2,3.1,12.799999
2024-01-25 00:00:00+00:00,Brasilia,188.0,,4.9,0.8,29.0,6.8,9.5,11.599999
2024-01-25 01:00:00+00:00,Brasilia,185.0,,4.7,0.8,29.0,4.8,6.8,11.599999
2024-01-25 02:00:00+00:00,Brasilia,181.0,,4.4,0.8,29.0,3.2,4.5,11.599999
2024-01-25 03:00:00+00:00,Brasilia,178.0,,4.2,0.8,29.0,2.7,3.9,11.599999
2024-01-25 04:00:00+00:00,Brasilia,176.0,,4.0,0.8,28.0,2.6,3.6,11.2
2024-01-25 05:00:00+00:00,Brasilia,175.0,,3.9,0.9,28.0,2.6,3.7,11.2
2024-01-25 06:00:00+00:00,Brasilia,174.0,,3.8,0.9,27.0,2.7,3.9,10.8
2024-01-25 07:00:00+00:00,Brasilia,172.0,,3.8,0.9,26.0,2.5,3.6,10.4
2024-01-25 08:00:00+00:00,Brasilia,170.0,,3.8,0.8,25.0,2.6,3.7,10.0
2024-01-25 09:00:00+00:00,Brasilia,170.0,,3.7,0.8,27.0,2.9,4.1,10.8
2024-01-25 10:00:00+00:00,Brasilia,174.0,,3.6,0.9,34.0,3.3,4.7,13.6
2024-01-25 11:00:00+00:00,Brasilia,179.0,,3.5,0.9,45.0,3.8,5.5,18.0
2024-01-25 12:00:00+00:00,Brasilia,179.0,,3.2,0.7,53.0,2.1,3.0,21.199999
2024-01-25 13:00:00+00:00,Brasilia,181.0,,2.7,0.8,64.0,2.4,3.5,25.599998
2024-01-25 14:00:00+00:00,Brasilia,183.0,,1.9,0.9,78.0,2.8,4.0,31.199999
2024-01-25 15:00:00+00:00,Brasilia,184.0,,1.4,0.9,89.0,3.1,4.4,35.6
2024-01-25 16:00:00+00:00,Brasilia,183.0,,1.2,0.9,92.0,3.4,4.8,36.8
2024-01-25 17:00:00+00:00,Brasilia,182.0,,1.2,0.8,91.0,3.6,5.1,36.399998
2024-01-25 18:00:00+00:00,Brasilia,182.0,,1.6,0.7,87.0,2.9,4.2,34.8
2024-01-25 19:00:00+00:00,Brasilia,184.0,,2.5,0.7,81.0,3.9,5.8,32.4
2024-01-25 20:00:00+00:00,Brasilia,187.0,,3.9,0.7,72.0,3.4,4.9,28.800001
2024-01-25 21:00:00+00:00,Brasilia,191.0,,5.2,0.8,65.0,3.3,4.8,26.0
2024-01-25 22:00:00+00:00,Brasilia,197.0,,6.5,1.1,61.0,3.4,5.0,24.400002
2024-01-25 23:00:00+00:00,Brasilia,203.0,,7.7,1.6,59.0,3.7,5.3,23.600002
2024-01-26 00:00:00+00:00,Brasilia,234.0,,11.4,1.8,41.0,8.5,12.2,16.4
2024-01-26 01:00:00+00:00,Brasilia,254.0,,14.3,2.1,36.0,9.1,13.0,14.400001
2024-01-26 02:00:00+00:00,Brasilia,282.0,,18.1,2.6,30.0,9.6,13.7,12.0
2024-01-26 03:00:00+00:00,Brasilia,298.0,,20.0,2.8,26.0,10.0,14.3,10.4
2024-01-26 04:00:00+00:00,Brasilia,294.0,,18.5,2.5,25.0,10.4,15.0,10.0
2024-01-26 05:00:00+00:00,Brasilia,277.0,,15.1,2.0,26.0,10.4,15.0,10.4
2024-01-26 06:00:00+00:00,Brasilia,258.0,,11.8,1.6,29.0,9.9,14.2,11.599999
2024-01-26 07:00:00+00:00,Brasilia,234.0,,8.9,1.4,34.0,8.1,11.7,13.6
2024-01-26 08:00:00+00:00,Brasilia,207.0,,6.1,1.4,40.0,6.4,9.3,16.0
2024-01-26 09:00:00+00:00,Brasilia,187.0,,4.1,1.4,47.0,4.8,6.9,18.8
2024-01-26 10:00:00+00:00,Brasilia,181.0,,3.4,1.5,56.0,3.8,5.5,22.4
2024-01-26 11:00:00+00:00,Brasilia,183.0,,3.5,1.6,66.0,5.0,7.2,26.399998
2024-01-26 12:00:00+00:00,Brasilia,185.0,,3.4,1.0,60.0,2.1,3.0,24.0
2024-01-26 13:00:00+00:00,Brasilia,178.0,,2.8,0.9,68.0,2.9,4.1,27.2
2024-01-26 14:00:00+00:00,Brasilia,169.0,,1.9,0.9,78.0,6.4,9.2,31.199999
2024-01-26 15:00:00+00:00,Brasilia,163.0,,1.3,0.8,86.0,5.3,7.6,34.4
2024-01-26 16:00:00+00:00,Brasilia,164.0,,1.1,0.7,87.0,4.2,6.0,34.8
2024-01-26 17:00:00+00:00,Brasilia,169.0,,1.0,0.6,86.0,4.0,5.7,34.4
2024-01-26 18:00:00+00:00,Brasilia,174.0,,1.2,0.6,84.0,3.9,5.6,33.600002
2024-01-26 19:00:00+00:00,Brasilia,177.0,,1.5,0.7,84.0,4.0,5.8,33.600002
2024-01-26 20:00:00+00:00,Brasilia,181.0,,1.9,0.8,83.0,3.7,5.3,33.2
2024-01-26 21:00:00+00:00,Brasilia,185.0,,2.7,0.9,80.0,3.9,5.7,32.0
2024-01-26 22:00:00+00:00,Brasilia,192.0,,4.3,1.1,72.0,5.1,7.4,28.800001
2024-01-26 23:00:00+00:00,Brasilia,200.0,,6.2,1.3,62.0,5.0,7.2,24.8
2024-01-27 00:00:00+00:00,Brasilia,258.0,,17.0,2.7,40.0,11.6,16.5,16.0
2024-01-27 01:00:00+00:00,Brasilia,268.0,,17.6,2.7,35.0,12.9,18.5,14.0
2024-01-27 02:00:00+00:00,Brasilia,282.0,,18.4,2.6,29.0,12.0,17.3,12.783335
2024-01-27 03:00:00+00:00,Brasilia,286.0,,18.1,2.6,26.0,12.5,17.9,12.983333
2024-01-27 04:00:00+00:00,Brasilia,271.0,,15.8,2.6,28.0,12.0,17.2,13.191666
2024-01-27 05:00:00+00:00,Brasilia,248.0,,12.4,2.7,33.0,11.7,16.8,13.325
2024-01-27 06:00:00+00:00,Brasilia,230.0,,9.8,2.6,36.0,11.9,17.1,14.400001
2024-01-27 07:00:00+00:00,Brasilia,228.0,,9.1,2.2,32.0,12.1,17.5,13.599998
2024-01-27 08:00:00+00:00,Brasilia,232.0,,9.3,1.7,26.0,12.6,18.0,13.933333
2024-01-27 09:00:00+00:00,Brasilia,231.0,,9.0,1.4,28.0,13.4,19.3,14.450001
2024-01-27 10:00:00+00:00,Brasilia,219.0,,7.5,1.7,45.0,14.5,20.9,18.0
2024-01-27 11:00:00+00:00,Brasilia,202.0,,5.5,2.1,69.0,15.3,21.9,27.6
2024-01-27 12:00:00+00:00,Brasilia,157.0,,3.6,2.6,92.0,9.5,13.7,36.8
2024-01-27 13:00:00+00:00,Brasilia,152.0,,2.9,2.1,92.0,8.5,12.3,36.8
2024-01-27 14:00:00+00:00,Brasilia,144.0,,1.9,1.4,93.0,7.1,10.3,37.2
2024-01-27 15:00:00+00:00,Brasilia,141.0,,1.2,0.9,90.0,5.7,8.2,36.0
2024-01-27 16:00:00+00:00,Brasilia,145.0,,1.0,0.6,83.0,4.3,6.2,33.2
2024-01-27 17:00:00+00:00,Brasilia,153.0,,1.0,0.5,73.0,4.0,5.8,29.2
2024-01-27 18:00:00+00:00,Brasilia,161.0,,1.3,0.4,64.0,3.2,4.7,25.599998
2024-01-27 19:00:00+00:00,Brasilia,170.0,,1.9,0.5,59.0,3.0,4.4,23.600002
2024-01-27 20:00:00+00:00,Brasilia,179.0,,2.6,0.6,56.0,2.9,4.3,22.4
2024-01-27 21:00:00+00:00,Brasilia,187.0,,3.5,0.8,52.0,3.0,4.6,20.8
2024-01-27 22:00:00+00:00,Brasilia,193.0,,4.6,0.9,45.0,3.5,5.1,18.0
2024-01-27 23:00:00+00:00,Brasilia,198.0,,5.8,1.1,38.0,3.2,4.7,17.683332
2024-01-28 00:00:00+00:00,Brasilia,239.0,,13.3,1.7,23.0,8.1,11.8,17.533333
2024-01-28 01:00:00+00:00,Brasilia,240.0,,13.2,1.7,22.0,8.3,11.9,17.241667
2024-01-28 02:00:00+00:00,Brasilia,241.0,,12.9,1.7,20.0,8.5,12.3,16.858334
2024-01-28 03:00:00+00:00,Brasilia,237.0,,11.9,1.6,19.0,7.9,11.5,16.566668
2024-01-28 04:00:00+00:00,Brasilia,223.0,,9.6,1.5,21.0,7.5,10.9,16.183332
2024-01-28 05:00:00+00:00,Brasilia,203.0,,6.5,1.4,23.0,7.1,10.3,15.808333
2024-01-28 06:00:00+00:00,Brasilia,188.0,,4.2,1.3,25.0,6.9,10.0,15.425
2024-01-28 07:00:00+00:00,Brasilia,181.0,,3.4,1.2,24.0,6.6,9.5,15.008333
2024-01-28 08:00:00+00:00,Brasilia,179.0,,3.3,1.0,22.0,5.6,8.1,14.549999
2024-01-28 09:00:00+00:00,Brasilia,178.0,,3.2,0.9,23.0,4.2,6.0,13.966667
2024-01-28 10:00:00+00:00,Brasilia,179.0,,2.9,0.9,29.0,3.1,4.5,13.200001
2024-01-28 11:00:00+00:00,Brasilia,180.0,,2.6,1.0,37.0,3.3,4.8,14.8
2024-01-28 12:00:00+00:00,Brasilia,159.0,,1.5,0.6,37.0,2.0,2.9,14.8
2024-01-28 13:00:00+00:00,Brasilia,156.0,,1.3,0.5,39.0,1.7,2.5,15.599999
2024-01-28 14:00:00+00:00,Brasilia,153.0,,1.1,0.5,42.0,1.6,2.4,16.8
2024-01-28 15:00:00+00:00,Brasilia,150.0,,0.9,0.4,44.0,1.9,2.8,17.6
2024-01-28 16:00:00+00:00,Brasilia,148.0,,0.8,0.3,45.0,2.1,3.1,18.0
2024-01-28 17:00:00+00:00,Brasilia,146.0,,0.8,0.3,46.0,1.9,2.8,18.4
2024-01-28 18:00:00+00:00,Brasilia,146.0,,1.0,0.3,47.0,1.9,2.8,18.8
2024-01-28 19:00:00+00:00,Brasilia,146.0,,1.3,0.3,48.0,1.9,2.9,19.199999
2024-01-28 20:00:00+00:00,Brasilia,148.0,,1.8,0.4,48.0,2.2,3.2,19.199999
2024-01-28 21:00:00+00:00,Brasilia,151.0,,2.6,0.5,46.0,2.5,3.6,18.4
2024-01-28 22:00:00+00:00,Brasilia,158.0,,3.9,0.7,41.0,2.8,4.0,16.4
2024-01-28 23:00:00+00:00,Brasilia,166.0,,5.5,0.9,34.0,2.9,4.1,13.6
2024-01-29 00:00:00+00:00,Brasilia,173.0,,7.3,1.0,27.0,8.4,12.2,10.8
2024-01-29 01:00:00+00:00,Brasilia,177.0,,7.8,1.1,25.0,8.4,12.0,10.0
2024-01-29 02:00:00+00:00,Brasilia,183.0,,8.4,1.2,22.0,8.5,12.2,8.8
2024-01-29 03:00:00+00:00,Brasilia,185.0,,8.5,1.2,20.0,8.2,11.8,8.575
2024-01-29 04:00:00+00:00,Brasilia,180.0,,7.5,1.0,20.0,8.2,11.8,8.6
2024-01-29 05:00:00+00:00,Brasilia,171.0,,5.9,0.7,21.0,8.6,12.3,8.658334
2024-01-29 06:00:00+00:00,Brasilia,163.0,,4.5,0.4,22.0,8.5,12.2,8.8
2024-01-29 07:00:00+00:00,Brasilia,157.0,,3.4,0.2,24.0,8.4,12.0,9.599999
2024-01-29 08:00:00+00:00,Brasilia,152.0,,2.4,0.1,26.0,7.2,10.4,10.4
2024-01-29 09:00:00+00:00,Brasilia,150.0,,1.8,0.1,29.0,6.5,9.4,11.599999
2024-01-29 10:00:00+00:00,Brasilia,153.0,,1.7,0.2,34.0,6.3,9.1,13.6
2024-01-29 11:00:00+00:00,Brasilia,158.0,,1.9,0.4,39.0,6.4,9.1,15.599999
2024-01-29 12:00:00+00:00,Brasilia,154.0,,1.9,0.5,41.0,4.8,6.8,16.4
2024-01-29 13:00:00+00:00,Brasilia,153.0,,1.5,0.5,46.0,5.0,7.2,18.4
2024-01-29 14:00:00+00:00,Brasilia,151.0,,1.0,0.4,53.0,4.8,6.8,21.199999
2024-01-29 15:00:00+00:00,Brasilia,149.0,,0.7,0.4,57.0,4.5,6.4,22.8
2024-01-29 16:00:00+00:00,Brasilia,147.0,,0.6,0.3,56.0,4.3,6.2,22.4
2024-01-29 17:00:00+00:00,Brasilia,145.0,,0.8,0.3,52.0,4.3,6.2,20.8
2024-01-29 18:00:00+00:00,Brasilia,145.0,,1.1,0.3,49.0,4.6,6.5,19.6
2024-01-29 19:00:00+00:00,Brasilia,145.0,,1.0,0.3,50.0,4.7,6.8,20.0
2024-01-29 20:00:00+00:00,Brasilia,146.0,,1.2,0.5,52.0,5.1,7.2,20.8
2024-01-29 21:00:00+00:00,Brasilia,160.0,,3.4,0.7,51.0,5.5,7.8,20.4
2024-01-29 22:00:00+00:00,Brasilia,197.0,,9.8,1.2,43.0,7.3,10.4,17.2
2024-01-29 23:00:00+00:00,Brasilia,246.0,,18.2,1.9,32.0,8.9,12.6,12.799999
2024-01-30 00:00:00+00:00,Brasilia,254.0,,18.8,2.1,28.0,12.6,18.0,13.116669
2024-01-30 01:00:00+00:00,Brasilia,243.0,,16.8,2.2,28.0,11.6,16.5,13.466668
2024-01-30 02:00:00+00:00,Brasilia,227.0,,13.9,2.3,29.0,11.0,15.6,13.733335
2024-01-30 03:00:00+00:00,Brasilia,213.0,,11.4,2.4,29.0,10.7,15.3,13.9416685
2024-01-30 04:00:00+00:00,Brasilia,201.0,,9.5,2.3,29.0,10.5,14.9,14.150002
2024-01-30 05:00:00+00:00,Brasilia,191.0,,7.9,2.2,30.0,10.0,14.1,14.341667
2024-01-30 06:00:00+00:00,Brasilia,183.0,,6.8,2.1,29.0,9.7,13.8,14.458333
2024-01-30 07:00:00+00:00,Brasilia,181.0,,6.5,2.0,25.0,9.4,13.3,14.558332
2024-01-30 08:00:00+00:00,Brasilia,181.0,,6.6,1.9,21.0,8.8,12.5,14.641666
2024-01-30 09:00:00+00:00,Brasilia,180.0,,6.3,1.7,21.0,8.8,12.5,14.774999
2024-01-30 10:00:00+00:00,Brasilia,175.0,,5.2,1.5,30.0,9.1,12.8,14.966667
2024-01-30 11:00:00+00:00,Brasilia,168.0,,3.7,1.2,44.0,8.3,11.7,17.6
2024-01-30 12:00:00+00:00,Brasilia,162.0,,3.0,1.5,66.0,9.8,13.9,26.399998
2024-01-30 13:00:00+00:00,Brasilia,159.0,,2.5,1.5,76.0,10.4,14.8,30.4
2024-01-30 14:00:00+00:00,Brasilia,155.0,,1.8,1.4,90.0,9.7,13.8,36.0
2024-01-30 15:00:00+00:00,Brasilia,152.0,,1.3,1.3,100.0,8.9,12.7,40.0
2024-01-30 16:00:00+00:00,Brasilia,150.0,,1.2,1.2,100.0,8.3,11.9,40.0
2024-01-30 17:00:00+00:00,Brasilia,149.0,,1.4,1.0,96.0,7.8,11.2,38.4
2024-01-30 18:00:00+00:00,Brasilia,150.0,,1.7,0.9,93.0,10.1,14.5,37.2
2024-01-30 19:00:00+00:00,Brasilia,153.0,,2.1,1.0,94.0,8.8,12.5,37.6
2024-01-30 20:00:00+00:00,Brasilia,158.0,,2.7,1.1,95.0,9.3,13.3,38.0
2024-01-30 21:00:00+00:00,Brasilia,165.0,,3.8,1.3,93.0,9.2,13.1,37.2
2024-01-30 22:00:00+00:00,Brasilia,176.0,,5.8,1.5,83.0,8.6,12.2,33.2
2024-01-30 23:00:00+00:00,Brasilia,189.0,,8.2,1.8,68.0,8.4,12.0,27.2
2024-01-31 00:00:00+00:00,Brasilia,209.0,,10.6,2.0,58.0,11.7,16.7,23.199999
2024-01-31 01:00:00+00:00,Brasilia,209.0,,10.5,2.1,55.0,11.6,16.5,22.0
2024-01-31 02:00:00+00:00,Brasilia,210.0,,10.3,2.3,51.0,11.4,16.2,20.4
2024-01-31 03:00:00+00:00,Brasilia,209.0,,10.0,2.4,47.0,11.4,16.2,19.108335
2024-01-31 04:00:00+00:00,Brasilia,207.0,,9.4,2.4,45.0,11.5,16.3,19.166666
2024-01-31 05:00:00+00:00,Brasilia,204.0,,8.6,2.4,43.0,11.5,16.4,19.250002
2024-01-31 06:00:00+00:00,Brasilia,202.0,,8.0,2.3,41.0,11.5,16.3,19.374998
2024-01-31 07:00:00+00:00,Brasilia,204.0,,8.1,1.9,36.0,11.6,16.5,19.525
2024-01-31 08:00:00+00:00,Brasilia,208.0,,8.3,1.4,31.0,11.7,16.6,19.708334
2024-01-31 09:00:00+00:00,Brasilia,208.0,,8.1,1.1,33.0,12.5,17.8,19.949999
2024-01-31 10:00:00+00:00,Brasilia,203.0,,6.8,1.4,49.0,12.7,18.1,20.258333
2024-01-31 11:00:00+00:00,Brasilia,194.0,,4.9,1.9,73.0,13.2,18.9,29.2
2024-01-31 12:00:00+00:00,Brasilia,181.0,,3.6,3.0,103.0,13.2,18.7,42.0
2024-01-31 13:00:00+00:00,Brasilia,172.0,,3.0,2.4,97.0,12.4,17.6,38.800003
2024-01-31 14:00:00+00:00,Brasilia,161.0,,2.2,1.6,89.0,10.4,14.8,35.6
2024-01-31 15:00:00+00:00,Brasilia,153.0,,1.6,1.0,83.0,8.1,11.4,33.2
2024-01-31 16:00:00+00:00,Brasilia,152.0,,1.4,0.9,81.0,8.0,11.3,32.4
2024-01-31 17:00:00+00:00,Brasilia,155.0,,1.5,1.0,82.0,8.7,12.3,32.8
2024-01-31 18:00:00+00:00,Brasilia,160.0,,1.9,1.2,83.0,9.3,13.2,33.2
2024-01-31 19:00:00+00:00,Brasilia,167.0,,2.6,1.4,86.0,9.8,13.9,34.4
2024-01-31 20:00:00+00:00,Brasilia,176.0,,3.6,1.6,89.0,10.1,14.3,35.6
2024-01-31 21:00:00+00:00,Brasilia,184.0,,4.7,1.8,90.0,10.5,14.8,36.0
2024-01-31 22:00:00+00:00,Brasilia,190.0,,6.0,2.1,85.0,10.5,14.9,34.0
2024-01-31 23:00:00+00:00,Brasilia,196.0,,7.3,2.5,77.0,10.0,14.2,30.8
2024-02-01 00:00:00+00:00,Brasilia,268.0,,17.6,3.2,36.0,10.4,14.7,21.941666
2024-02-01 01:00:00+00:00,Brasilia,277.0,,18.2,3.4,32.0,10.6,14.9,21.833334
2024-02-01 02:00:00+00:00,Brasilia,290.0,,18.9,3.6,26.0,10.9,15.4,21.75
2024-02-01 03:00:00+00:00,Brasilia,298.0,,19.1,3.7,22.0,10.5,14.8,21.708334
2024-02-01 04:00:00+00:00,Brasilia,297.0,,18.3,3.7,20.0,9.9,14.0,21.633335
2024-02-01 05:00:00+00:00,Brasilia,291.0,,16.8,3.5,19.0,9.8,13.8,21.5
2024-02-01 06:00:00+00:00,Brasilia,283.0,,15.4,3.3,18.0,9.7,13.8,21.358334
2024-02-01 07:00:00+00:00,Brasilia,275.0,,14.4,2.9,16.0,9.3,13.1,21.208334
2024-02-01 08:00:00+00:00,Brasilia,264.0,,13.3,2.5,13.0,9.0,12.8,21.016666
2024-02-01 09:00:00+00:00,Brasilia,251.0,,11.7,2.1,17.0,9.7,13.8,20.791666
2024-02-01 10:00:00+00:00,Brasilia,231.0,,8.9,1.8,31.0,9.7,13.7,20.558334
2024-02-01 11:00:00+00:00,Brasilia,208.0,,5.6,1.5,51.0,8.7,12.3,20.4
2024-02-01 12:00:00+00:00,Brasilia,175.0,,2.7,1.7,74.0,1.4,2.0,29.6
2024-02-01 13:00:00+00:00,Brasilia,170.0,,2.3,1.5,75.0,1.9,2.7,30.0
2024-02-01 14:00:00+00:00,Brasilia,162.0,,1.8,1.1,76.0,2.4,3.4,30.4
2024-02-01 15:00:00+00:00,Brasilia,158.0,,1.5,0.9,76.0,2.8,4.0,30.4
2024-02-01 16:00:00+00:00,Brasilia,158.0,,1.6,0.9,74.0,3.2,4.5,29.6
2024-02-01 17:00:00+00:00,Brasilia,161.0,,2.0,1.0,70.0,3.0,4.3,28.0
2024-02-01 18:00:00+00:00,Brasilia,166.0,,2.6,1.2,68.0,3.6,5.0,27.2
2024-02-01 19:00:00+00:00,Brasilia,170.0,,3.0,1.3,69.0,4.1,5.7,27.6
2024-02-01 20:00:00+00:00,Brasilia,175.0,,3.6,1.5,71.0,4.4,6.2,28.4
2024-02-01 21:00:00+00:00,Brasilia,187.0,,5.1,1.7,70.0,4.9,6.9,28.0
2024-02-01 22:00:00+00:00,Brasilia,212.0,,8.6,2.1,62.0,6.2,8.8,24.8
2024-02-01 23:00:00+00:00,Brasilia,243.0,,13.0,2.5,51.0,6.9,9.7,20.4
2024-02-02 00:00:00+00:00,Brasilia,281.0,,18.0,2.3,34.0,8.3,11.8,13.6
2024-02-02 01:00:00+00:00,Brasilia,289.0,,18.3,2.5,31.0,8.8,12.4,13.408332
2024-02-02 02:00:00+00:00,Brasilia,299.0,,18.7,2.8,27.0,9.0,12.7,13.258332
2024-02-02 03:00:00+00:00,Brasilia,302.0,,18.2,2.9,25.0,8.7,12.3,13.099999
2024-02-02 04:00:00+00:00,Brasilia,289.0,,16.1,2.8,25.0,8.1,11.5,12.95
2024-02-02 05:00:00+00:00,Brasilia,269.0,,13.1,2.6,27.0,7.8,11.0,12.800002
2024-02-02 06:00:00+00:00,Brasilia,252.0,,10.7,2.5,28.0,7.5,10.6,12.633335
2024-02-02 07:00:00+00:00,Brasilia,244.0,,9.8,2.5,25.0,7.3,10.2,12.450001
2024-02-02 08:00:00+00:00,Brasilia,239.0,,9.4,2.5,22.0,7.1,10.0,12.283334
2024-02-02 09:00:00+00:00,Brasilia,232.0,,8.7,2.4,25.0,7.1,10.0,12.125001
2024-02-02 10:00:00+00:00,Brasilia,221.0,,6.9,2.3,41.0,7.9,11.1,16.4
2024-02-02 11:00:00+00:00,Brasilia,208.0,,4.8,2.1,65.0,8.4,11.8,26.0
2024-02-02 12:00:00+00:00,Brasilia,200.0,,3.3,2.2,85.0,5.6,7.9,34.0
2024-02-02 13:00:00+00:00,Brasilia,193.0,,2.6,1.8,86.0,5.1,7.2,34.4
2024-02-02 14:00:00+00:00,Brasilia,184.0,,1.6,1.3,88.0,4.2,6.0,35.2
2024-02-02 15:00:00+00:00,Brasilia,177.0,,0.9,0.9,88.0,3.6,5.1,35.2
2024-02-02 16:00:00+00:00,Brasilia,173.0,,0.8,0.7,85.0,3.1,4.5,34.0
2024-02-02 17:00:00+00:00,Brasilia,170.0,,1.0,0.5,80.0,3.1,4.4,32.0
2024-02-02 18:00:00+00:00,Brasilia,171.0,,1.7,0.5,75.0,3.2,4.7,30.0
2024-02-02 19:00:00+00:00,Brasilia,174.0,,2.5,0.5,72.0,3.5,5.0,28.800001
2024-02-02 20:00:00+00:00,Brasilia,181.0,,3.6,0.6,70.0,4.0,5.8,28.0
2024-02-02 21:00:00+00:00,Brasilia,197.0,,6.1,0.9,65.0,5.0,7.2,26.0
2024-02-02 22:00:00+00:00,Brasilia,233.0,,11.3,1.4,54.0,5.8,8.4,21.6
2024-02-02 23:00:00+00:00,Brasilia,278.0,,17.7,2.0,41.0,6.9,9.8,16.4
2024-02-03 00:00:00+00:00,Brasilia,294.0,,20.0,2.4,27.0,8.7,12.6,12.424999
2024-02-03 01:00:00+00:00,Brasilia,306.0,,20.5,2.5,24.0,8.8,12.7,12.458332
2024-02-03 02:00:00+00:00,Brasilia,321.0,,21.1,2.6,20.0,8.8,12.6,12.458332
2024-02-03 03:00:00+00:00,Brasilia,324.0,,20.5,2.7,18.0,8.4,12.0,12.441666
2024-02-03 04:00:00+00:00,Brasilia,304.0,,17.7,2.6,21.0,7.5,10.7,12.416666
2024-02-03 05:00:00+00:00,Brasilia,271.0,,13.8,2.5,26.0,6.3,9.1,12.366665
2024-02-03 06:00:00+00:00,Brasilia,240.0,,10.3,2.3,32.0,5.3,7.6,12.799999
2024-02-03 07:00:00+00:00,Brasilia,215.0,,8.0,2.1,37.0,4.5,6.5,14.8
2024-02-03 08:00:00+00:00,Brasilia,192.0,,6.1,1.8,42.0,4.1,6.0,16.8
2024-02-03 09:00:00+00:00,Brasilia,173.0,,4.6,1.6,47.0,4.0,5.9,18.8
2024-02-03 10:00:00+00:00,Brasilia,159.0,,3.4,1.4,52.0,4.4,6.7,20.8
2024-02-03 11:00:00+00:00,Brasilia,150.0,,2.6,1.1,56.0,5.9,9.2,22.4
2024-02-03 12:00:00+00:00,Brasilia,150.0,,2.2,1.2,67.0,5.2,8.1,26.800001
2024-02-03 13:00:00+00:00,Brasilia,140.0,,1.7,1.0,62.0,5.3,8.2,24.8
2024-02-03 14:00:00+00:00,Brasilia,126.0,,1.1,0.7,55.0,4.4,6.7,22.0
2024-02-03 15:00:00+00:00,Brasilia,117.0,,0.8,0.5,50.0,3.3,5.1,20.0
2024-02-03 16:00:00+00:00,Brasilia,115.0,,0.8,0.4,48.0,2.7,4.0,19.199999
2024-02-03 17:00:00+00:00,Brasilia,118.0,,1.1,0.5,47.0,2.7,4.0,18.8
2024-02-03 18:00:00+00:00,Brasilia,123.0,,1.8,0.6,47.0,3.1,4.5,18.8
2024-02-03 19:00:00+00:00,Brasilia,131.0,,2.9,0.8,48.0,3.5,5.2,19.199999
2024-02-03 20:00:00+00:00,Brasilia,142.0,,4.3,1.1,50.0,4.5,6.5,20.0
2024-02-03 21:00:00+00:00,Brasilia,155.0,,6.0,1.4,49.0,5.4,7.8,19.6
2024-02-03 22:00:00+00:00,Brasilia,171.0,,8.5,1.7,43.0,5.5,8.0,17.2
2024-02-03 23:00:00+00:00,Brasilia,188.0,,11.3,2.0,34.0,5.7,8.2,13.6
2024-02-04 00:00:00+00:00,Brasilia,191.0,,11.8,1.9,25.0,5.7,8.1,10.666666
2024-02-04 01:00:00+00:00,Brasilia,196.0,,12.2,2.0,23.0,6.0,8.5,10.416666
2024-02-04 02:00:00+00:00,Brasilia,202.0,,12.6,2.0,19.0,6.1,8.8,10.183333
2024-02-04 03:00:00+00:00,Brasilia,199.0,,12.0,2.0,18.0,5.6,7.9,9.958333
2024-02-04 04:00:00+00:00,Brasilia,181.0,,9.6,1.8,20.0,4.8,6.8,9.724999
2024-02-04 05:00:00+00:00,Brasilia,154.0,,6.2,1.4,24.0,4.1,5.8,9.599999
2024-02-04 06:00:00+00:00,Brasilia,133.0,,3.7,1.2,27.0,3.5,5.0,10.8
2024-02-04 07:00:00+00:00,Brasilia,123.0,,2.7,1.1,28.0,3.1,4.5,11.2
2024-02-04 08:00:00+00:00,Brasilia,118.0,,2.6,1.1,29.0,2.9,4.2,11.599999
2024-02-04 09:00:00+00:00,Brasilia,116.0,,2.6,1.1,31.0,2.8,4.1,12.4
2024-02-04 10:00:00+00:00,Brasilia,119.0,,2.7,1.2,37.0,3.1,4.6,14.8
2024-02-04 11:00:00+00:00,Brasilia,126.0,,3.0,1.3,45.0,4.1,6.0,18.0
2024-02-04 12:00:00+00:00,Brasilia,133.0,,2.7,1.6,61.0,4.3,6.4,24.400002
2024-02-04 13:00:00+00:00,Brasilia,126.0,,2.2,1.4,61.0,4.7,7.1,24.400002
2024-02-04 14:00:00+00:00,Brasilia,117.0,,1.4,1.0,61.0,4.8,7.3,24.400002
2024-02-04 15:00:00+00:00,Brasilia,111.0,,0.9,0.8,62.0,4.6,7.0,24.8
2024-02-04 16:00:00+00:00,Brasilia,110.0,,0.7,0.7,64.0,4.4,6.7,25.599998
2024-02-04 17:00:00+00:00,Brasilia,111.0,,0.8,0.7,67.0,4.4,6.8,26.800001
2024-02-04 18:00:00+00:00,Brasilia,114.0,,1.1,0.7,69.0,4.6,7.0,27.6
2024-02-04 19:00:00+00:00,Brasilia,117.0,,1.4,0.7,71.0,4.8,7.4,28.4
2024-02-04 20:00:00+00:00,Brasilia,122.0,,1.9,0.7,73.0,5.0,7.7,29.2
2024-02-04 21:00:00+00:00,Brasilia,134.0,,3.6,0.9,71.0,5.3,8.1,28.4
2024-02-04 22:00:00+00:00,Brasilia,161.0,,7.7,1.3,61.0,6.1,9.1,24.400002
2024-02-04 23:00:00+00:00,Brasilia,195.0,,12.9,1.7,46.0,6.6,9.8,18.4
2024-02-05 00:00:00+00:00,Brasilia,222.0,,16.3,2.1,32.0,7.6,11.2,12.799999
2024-02-05 01:00:00+00:00,Brasilia,224.0,,16.1,2.2,29.0,7.8,11.5,11.599999
2024-02-05 02:00:00+00:00,Brasilia,226.0,,15.6,2.3,26.0,7.7,11.4,10.4
2024-02-05 03:00:00+00:00,Brasilia,221.0,,14.6,2.4,23.0,7.3,10.7,9.725
2024-02-05 04:00:00+00:00,Brasilia,205.0,,12.4,2.3,23.0,6.6,9.7,9.866667
2024-02-05 05:00:00+00:00,Brasilia,182.0,,9.6,2.1,24.0,6.0,8.8,10.016666
2024-02-05 06:00:00+00:00,Brasilia,164.0,,7.4,1.9,25.0,5.5,8.1,10.175
2024-02-05 07:00:00+00:00,Brasilia,154.0,,6.6,1.8,23.0,5.2,7.6,10.341665
2024-02-05 08:00:00+00:00,Brasilia,149.0,,6.4,1.8,21.0,4.8,7.1,10.516666
2024-02-05 09:00:00+00:00,Brasilia,145.0,,6.0,1.8,23.0,4.7,6.9,10.674999
2024-02-05 10:00:00+00:00,Brasilia,142.0,,5.0,1.8,34.0,5.1,7.5,13.6
2024-02-05 11:00:00+00:00,Brasilia,139.0,,3.8,1.8,49.0,6.0,8.7,19.6
2024-02-05 12:00:00+00:00,Brasilia,149.0,,3.4,2.3,67.0,9.3,13.7,26.800001
2024-02-05 13:00:00+00:00,Brasilia,143.0,,2.6,1.9,68.0,7.6,11.1,27.2
2024-02-05 14:00:00+00:00,Brasilia,134.0,,1.6,1.2,69.0,6.5,9.5,27.6
2024-02-05 15:00:00+00:00,Brasilia,129.0,,0.9,0.8,69.0,6.0,8.8,27.6
2024-02-05 16:00:00+00:00,Brasilia,129.0,,0.8,0.7,67.0,5.2,7.6,26.800001
2024-02-05 17:00:00+00:00,Brasilia,132.0,,1.1,0.7,63.0,5.1,7.4,25.2
2024-02-05 18:00:00+00:00,Brasilia,138.0,,1.9,0.8,60.0,5.9,8.6,24.0
2024-02-05 19:00:00+00:00,Brasilia,146.0,,3.1,0.9,60.0,7.1,10.4,24.0
2024-02-05 20:00:00+00:00,Brasilia,157.0,,4.8,1.1,60.0,7.5,11.0,24.0
2024-02-05 21:00:00+00:00,Brasilia,173.0,,7.1,1.4,58.0,7.9,11.4,23.199999
2024-02-05 22:00:00+00:00,Brasilia,198.0,,10.6,1.8,50.0,8.3,11.9,20.0
2024-02-05 23:00:00+00:00,Brasilia,227.0,,14.7,2.2,39.0,9.1,13.0,15.599999
2024-02-06 00:00:00+00:00,Brasilia,234.0,,15.6,2.5,29.0,11.5,16.4,13.316668
2024-02-06 01:00:00+00:00,Brasilia,241.0,,16.0,2.7,28.0,11.4,16.1,13.641666
2024-02-06 02:00:00+00:00,Brasilia,250.0,,16.6,3.0,26.0,11.1,15.7,13.941666
2024-02-06 03:00:00+00:00,Brasilia,258.0,,16.9,3.3,24.0,10.2,14.4,14.224998
2024-02-06 04:00:00+00:00,Brasilia,263.0,,16.8,3.5,23.0,9.2,12.9,14.466666
2024-02-06 05:00:00+00:00,Brasilia,266.0,,16.3,3.7,22.0,9.1,12.8,14.6833315
2024-02-06 06:00:00+00:00,Brasilia,264.0,,15.5,3.8,21.0,7.4,10.5,14.941666
2024-02-06 07:00:00+00:00,Brasilia,254.0,,14.2,3.7,20.0,6.6,9.3,15.1
2024-02-06 08:00:00+00:00,Brasilia,238.0,,12.5,3.5,20.0,5.8,8.3,15.216667
2024-02-06 09:00:00+00:00,Brasilia,223.0,,10.7,3.3,23.0,5.8,8.1,15.299999
2024-02-06 10:00:00+00:00,Brasilia,210.0,,8.8,3.0,31.0,6.0,8.5,15.391666
2024-02-06 11:00:00+00:00,Brasilia,198.0,,6.9,2.7,42.0,6.2,8.8,16.8
2024-02-06 12:00:00+00:00,Brasilia,176.0,,5.2,2.1,52.0,1.3,1.8,20.8
2024-02-06 13:00:00+00:00,Brasilia,172.0,,4.0,1.8,60.0,1.5,2.1,24.0
2024-02-06 14:00:00+00:00,Brasilia,166.0,,2.4,1.5,71.0,2.0,2.9,28.4
2024-02-06 15:00:00+00:00,Brasilia,161.0,,1.3,1.2,79.0,2.4,3.5,31.599998
2024-02-06 16:00:00+00:00,Brasilia,158.0,,0.9,1.1,81.0,2.5,3.6,32.4
2024-02-06 17:00:00+00:00,Brasilia,157.0,,1.0,1.0,81.0,2.6,3.7,32.4
2024-02-06 18:00:00+00:00,Brasilia,158.0,,1.5,1.0,79.0,2.5,3.5,31.599998
2024-02-06 19:00:00+00:00,Brasilia,159.0,,2.2,0.9,77.0,2.4,3.4,30.8
2024-02-06 20:00:00+00:00,Brasilia,162.0,,3.4,0.9,73.0,2.5,3.5,29.2
2024-02-06 21:00:00+00:00,Brasilia,173.0,,5.4,1.0,67.0,3.5,5.0,26.800001
2024-02-06 22:00:00+00:00,Brasilia,199.0,,9.3,1.4,57.0,4.7,6.7,22.8
2024-02-06 23:00:00+00:00,Brasilia,232.0,,14.2,2.0,45.0,5.4,7.7,18.0
2024-02-07 00:00:00+00:00,Brasilia,245.0,,16.1,2.4,27.0,9.6,13.5,11.133335
2024-02-07 01:00:00+00:00,Brasilia,246.0,,15.9,2.4,25.0,9.7,13.8,10.975
2024-02-07 02:00:00+00:00,Brasilia,247.0,,15.7,2.5,21.0,9.5,13.5,10.833332
2024-02-07 03:00:00+00:00,Brasilia,244.0,,14.9,2.5,19.0,9.0,12.8,10.699999
2024-02-07 04:00:00+00:00,Brasilia,236.0,,13.3,2.4,18.0,8.6,12.3,10.599999
2024-02-07 05:00:00+00:00,Brasilia,225.0,,11.3,2.2,18.0,8.3,11.8,10.549999
2024-02-07 06:00:00+00:00,Brasilia,213.0,,9.5,2.0,19.0,8.0,11.3,10.483333
2024-02-07 07:00:00+00:00,Brasilia,202.0,,8.3,1.9,19.0,7.5,10.7,10.533334
2024-02-07 08:00:00+00:00,Brasilia,190.0,,7.4,1.9,20.0,7.3,10.4,10.608334
2024-02-07 09:00:00+00:00,Brasilia,181.0,,6.4,1.9,25.0,7.3,10.3,10.733334
2024-02-07 10:00:00+00:00,Brasilia,175.0,,5.3,1.9,37.0,7.5,10.7,14.8
2024-02-07 11:00:00+00:00,Brasilia,171.0,,4.1,1.8,53.0,8.0,11.4,21.199999
2024-02-07 12:00:00+00:00,Brasilia,167.0,,3.0,1.8,70.0,7.8,11.2,28.0
2024-02-07 13:00:00+00:00,Brasilia,163.0,,2.4,1.5,72.0,7.7,10.9,28.800001
2024-02-07 14:00:00+00:00,Brasilia,157.0,,1.6,1.2,74.0,7.0,10.0,29.6
2024-02-07 15:00:00+00:00,Brasilia,152.0,,1.0,0.9,76.0,6.4,9.2,30.4
2024-02-07 16:00:00+00:00,Brasilia,149.0,,0.8,0.7,76.0,6.1,8.7,30.4
2024-02-07 17:00:00+00:00,Brasilia,148.0,,0.9,0.6,75.0,5.9,8.4,30.0
2024-02-07 18:00:00+00:00,Brasilia,150.0,,1.4,0.6,74.0,5.7,8.1,29.6
2024-02-07 19:00:00+00:00,Brasilia,155.0,,2.2,0.7,72.0,6.6,9.4,28.800001
2024-02-07 20:00:00+00:00,Brasilia,162.0,,3.4,1.0,69.0,7.1,10.1,27.6
2024-02-07 21:00:00+00:00,Brasilia,172.0,,4.9,1.2,65.0,7.5,10.7,26.0
2024-02-07 22:00:00+00:00,Brasilia,189.0,,7.3,1.4,59.0,8.4,12.0,23.600002
2024-02-07 23:00:00+00:00,Brasilia,209.0,,10.2,1.6,53.0,9.3,13.1,21.199999
2024-02-08 00:00:00+00:00,Brasilia,301.0,,26.8,2.4,22.0,11.5,16.4,15.483334
2024-02-08 01:00:00+00:00,Brasilia,282.0,,22.7,2.4,26.0,11.5,16.4,15.641668
2024-02-08 02:00:00+00:00,Brasilia,255.0,,17.0,2.4,31.0,10.3,14.6,15.791666
2024-02-08 03:00:00+00:00,Brasilia,232.0,,12.3,2.4,35.0,9.6,13.6,15.858334
2024-02-08 04:00:00+00:00,Brasilia,217.0,,9.8,2.4,38.0,9.4,13.2,15.908333
2024-02-08 05:00:00+00:00,Brasilia,206.0,,8.4,2.4,41.0,8.2,11.5,16.4
2024-02-08 06:00:00+00:00,Brasilia,199.0,,7.5,2.4,43.0,6.7,9.4,17.2
2024-02-08 07:00:00+00:00,Brasilia,196.0,,7.0,2.5,42.0,6.3,8.9,16.8
2024-02-08 08:00:00+00:00,Brasilia,197.0,,7.1,2.5,40.0,5.7,8.1,16.0
2024-02-08 09:00:00+00:00,Brasilia,199.0,,7.2,2.6,40.0,5.2,7.3,16.0
2024-02-08 10:00:00+00:00,Brasilia,203.0,,7.5,2.7,44.0,5.0,7.1,17.6
2024-02-08 11:00:00+00:00,Brasilia,207.0,,7.9,2.8,49.0,5.4,7.7,19.6
2024-02-08 12:00:00+00:00,Brasilia,200.0,,8.2,2.9,51.0,5.4,7.7,20.4
2024-02-08 13:00:00+00:00,Brasilia,190.0,,6.6,2.5,56.0,5.2,7.4,22.4
2024-02-08 14:00:00+00:00,Brasilia,177.0,,4.4,1.9,62.0,5.3,7.5,24.8
2024-02-08 15:00:00+00:00,Brasilia,167.0,,2.7,1.5,68.0,5.7,8.1,27.2
2024-02-08 16:00:00+00:00,Brasilia,164.0,,1.8,1.3,74.0,6.1,8.6,29.6
2024-02-08 17:00:00+00:00,Brasilia,163.0,,1.3,1.2,79.0,6.4,9.1,31.599998
2024-02-08 18:00:00+00:00,Brasilia,164.0,,1.2,1.1,81.0,6.4,9.1,32.4
2024-02-08 19:00:00+00:00,Brasilia,162.0,,1.3,1.0,79.0,6.0,8.6,31.599998
2024-02-08 20:00:00+00:00,Brasilia,161.0,,1.9,0.9,74.0,5.7,8.1,29.6
2024-02-08 21:00:00+00:00,Brasilia,168.0,,3.5,0.9,67.0,6.0,8.4,26.800001
2024-02-08 22:00:00+00:00,Brasilia,193.0,,7.4,1.2,56.0,6.9,9.8,22.4
2024-02-08 23:00:00+00:00,Brasilia,226.0,,12.2,1.7,43.0,7.0,10.0,17.2
2024-02-09 00:00:00+00:00,Brasilia,249.0,,14.8,2.3,33.0,8.6,12.2,13.908331
2024-02-09 01:00:00+00:00,Brasilia,239.0,,13.6,2.2,33.0,8.0,11.3,13.666666
2024-02-09 02:00:00+00:00,Brasilia,225.0,,11.9,2.1,34.0,6.8,9.6,13.6
2024-02-09 03:00:00+00:00,Brasilia,212.0,,10.3,2.1,35.0,6.3,8.9,14.0
2024-02-09 04:00:00+00:00,Brasilia,201.0,,9.0,2.1,36.0,5.7,8.0,14.400001
2024-02-09 05:00:00+00:00,Brasilia,191.0,,7.8,2.2,38.0,5.4,7.6,15.2
2024-02-09 06:00:00+00:00,Brasilia,184.0,,7.1,2.3,38.0,4.9,7.0,15.2
2024-02-09 07:00:00+00:00,Brasilia,184.0,,7.2,2.4,35.0,4.8,6.8,14.0
2024-02-09 08:00:00+00:00,Brasilia,187.0,,7.6,2.6,31.0,4.9,6.9,12.4
2024-02-09 09:00:00+00:00,Brasilia,189.0,,7.6,2.7,31.0,5.0,7.1,12.4
2024-02-09 10:00:00+00:00,Brasilia,189.0,,6.6,2.7,41.0,5.5,7.8,16.4
2024-02-09 11:00:00+00:00,Brasilia,188.0,,5.2,2.5,55.0,5.3,7.6,22.0
2024-02-09 12:00:00+00:00,Brasilia,184.0,,4.0,2.5,69.0,5.1,7.3,27.6
2024-02-09 13:00:00+00:00,Brasilia,180.0,,3.2,2.2,77.0,5.5,7.8,30.8
2024-02-09 14:00:00+00:00,Brasilia,175.0,,2.0,1.7,88.0,5.7,8.1,35.2
2024-02-09 15:00:00+00:00,Brasilia,170.0,,1.3,1.3,94.0,6.0,8.6,37.6
2024-02-09 16:00:00+00:00,Brasilia,167.0,,1.3,1.1,92.0,6.2,8.8,36.8
2024-02-09 17:00:00+00:00,Brasilia,164.0,,1.8,0.9,86.0,5.8,8.2,34.4
2024-02-09 18:00:00+00:00,Brasilia,165.0,,2.6,0.9,80.0,6.0,8.4,32.0
2024-02-09 19:00:00+00:00,Brasilia,171.0,,3.8,1.0,75.0,6.5,9.3,30.0
2024-02-09 20:00:00+00:00,Brasilia,180.0,,5.4,1.3,71.0,6.5,9.3,28.4
2024-02-09 21:00:00+00:00,Brasilia,190.0,,7.1,1.6,66.0,6.8,9.6,26.399998
2024-02-09 22:00:00+00:00,Brasilia,203.0,,9.1,2.0,60.0,6.9,9.8,24.0
2024-02-09 23:00:00+00:00,Brasilia,217.0,,11.3,2.4,54.0,7.0,10.0,21.6
2024-02-10 00:00:00+00:00,Brasilia,204.0,,10.6,1.9,41.0,8.6,12.2,16.4
2024-02-10 01:00:00+00:00,Brasilia,200.0,,10.1,1.9,38.0,7.9,11.2,15.2
2024-02-10 02:00:00+00:00,Brasilia,194.0,,9.4,1.9,34.0,7.1,10.1,13.6
2024-02-10 03:00:00+00:00,Brasilia,186.0,,8.3,1.8,31.0,5.8,8.2,12.4
2024-02-10 04:00:00+00:00,Brasilia,175.0,,6.7,1.5,31.0,4.7,6.6,12.4
2024-02-10 05:00:00+00:00,Brasilia,163.0,,4.7,1.2,32.0,3.7,5.2,12.799999
2024-02-10 06:00:00+00:00,Brasilia,154.0,,3.3,0.9,33.0,3.1,4.4,13.200001
2024-02-10 07:00:00+00:00,Brasilia,149.0,,2.8,0.9,32.0,2.8,4.0,12.799999
2024-02-10 08:00:00+00:00,Brasilia,147.0,,2.8,1.0,30.0,2.7,3.8,12.0
2024-02-10 09:00:00+00:00,Brasilia,146.0,,2.8,1.0,29.0,2.6,3.6,11.599999
2024-02-10 10:00:00+00:00,Brasilia,146.0,,2.6,0.9,31.0,2.4,3.4,12.4
2024-02-10 11:00:00+00:00,Brasilia,146.0,,2.4,0.7,35.0,2.0,2.9,14.0
2024-02-10 12:00:00+00:00,Brasilia,148.0,,2.4,0.5,39.0,1.7,2.4,15.599999
2024-02-10 13:00:00+00:00,Brasilia,145.0,,2.0,0.4,40.0,1.3,1.9,16.0
2024-02-10 14:00:00+00:00,Brasilia,140.0,,1.4,0.3,41.0,1.1,1.6,16.4
2024-02-10 15:00:00+00:00,Brasilia,138.0,,1.1,0.2,42.0,0.9,1.3,16.8
2024-02-10 16:00:00+00:00,Brasilia,140.0,,1.1,0.3,44.0,1.3,1.8,17.6
2024-02-10 17:00:00+00:00,Brasilia,145.0,,1.4,0.5,47.0,1.8,2.5,18.8
2024-02-10 18:00:00+00:00,Brasilia,150.0,,1.9,0.7,48.0,2.1,2.9,19.199999
2024-02-10 19:00:00+00:00,Brasilia,156.0,,2.9,0.7,46.0,2.5,3.4,18.4
2024-02-10 20:00:00+00:00,Brasilia,163.0,,4.1,0.7,43.0,2.7,3.7,17.2
2024-02-10 21:00:00+00:00,Brasilia,170.0,,5.2,0.7,40.0,3.0,4.1,16.0
2024-02-10 22:00:00+00:00,Brasilia,177.0,,6.1,0.9,37.0,3.2,4.4,14.8
2024-02-10 23:00:00+00:00,Brasilia,183.0,,6.9,1.1,34.0,3.6,4.9,13.6
2024-02-11 00:00:00+00:00,Brasilia,195.0,,7.3,1.3,29.0,8.0,10.8,11.599999
2024-02-11 01:00:00+00:00,Brasilia,197.0,,7.4,1.3,28.0,8.2,11.1,11.2
2024-02-11 02:00:00+00:00,Brasilia,199.0,,7.6,1.4,26.0,8.1,11.0,10.4
2024-02-11 03:00:00+00:00,Brasilia,200.0,,7.4,1.4,24.0,8.0,10.8,9.599999
2024-02-11 04:00:00+00:00,Brasilia,197.0,,6.7,1.4,23.0,7.6,10.3,9.2
2024-02-11 05:00:00+00:00,Brasilia,193.0,,5.7,1.3,22.0,7.2,9.8,8.8
2024-02-11 06:00:00+00:00,Brasilia,189.0,,4.9,1.2,21.0,6.9,9.3,8.4
2024-02-11 07:00:00+00:00,Brasilia,188.0,,4.6,1.0,19.0,6.8,9.3,7.6416664
2024-02-11 08:00:00+00:00,Brasilia,187.0,,4.5,0.8,18.0,6.3,8.6,7.9750004
2024-02-11 09:00:00+00:00,Brasilia,186.0,,4.2,0.6,20.0,5.9,8.1,8.275001
2024-02-11 10:00:00+00:00,Brasilia,184.0,,3.5,0.6,28.0,5.9,8.1,11.2
2024-02-11 11:00:00+00:00,Brasilia,182.0,,2.6,0.7,38.0,6.2,8.4,15.2
2024-02-11 12:00:00+00:00,Brasilia,184.0,,4.4,1.1,29.0,2.6,3.6,11.599999
2024-02-11 13:00:00+00:00,Brasilia,181.0,,3.9,1.1,32.0,3.1,4.3,12.799999
2024-02-11 14:00:00+00:00,Brasilia,176.0,,3.2,1.0,36.0,2.9,3.9,14.400001
2024-02-11 15:00:00+00:00,Brasilia,174.0,,2.5,0.9,40.0,2.7,3.7,16.0
